-- MySQL dump 10.13  Distrib 8.0.25, for Win64 (x86_64)
--
-- Host: 127.0.0.1    Database: med_db
-- ------------------------------------------------------
-- Server version	8.0.25

/*!40101 SET @OLD_CHARACTER_SET_CLIENT=@@CHARACTER_SET_CLIENT */;
/*!40101 SET @OLD_CHARACTER_SET_RESULTS=@@CHARACTER_SET_RESULTS */;
/*!40101 SET @OLD_COLLATION_CONNECTION=@@COLLATION_CONNECTION */;
/*!50503 SET NAMES utf8 */;
/*!40103 SET @OLD_TIME_ZONE=@@TIME_ZONE */;
/*!40103 SET TIME_ZONE='+00:00' */;
/*!40014 SET @OLD_UNIQUE_CHECKS=@@UNIQUE_CHECKS, UNIQUE_CHECKS=0 */;
/*!40014 SET @OLD_FOREIGN_KEY_CHECKS=@@FOREIGN_KEY_CHECKS, FOREIGN_KEY_CHECKS=0 */;
/*!40101 SET @OLD_SQL_MODE=@@SQL_MODE, SQL_MODE='NO_AUTO_VALUE_ON_ZERO' */;
/*!40111 SET @OLD_SQL_NOTES=@@SQL_NOTES, SQL_NOTES=0 */;

-- schema creation
CREATE SCHEMA IF NOT EXISTS `med_db`;
USE `med_db` ;

--
-- Table structure for table `address`
--

DROP TABLE IF EXISTS `address`;
/*!40101 SET @saved_cs_client     = @@character_set_client */;
/*!50503 SET character_set_client = utf8mb4 */;
CREATE TABLE `address` (
  `zip_code` char(5) NOT NULL,
  `city` varchar(45) DEFAULT NULL,
  PRIMARY KEY (`zip_code`)
) ENGINE=InnoDB DEFAULT CHARSET=utf8mb3;
/*!40101 SET character_set_client = @saved_cs_client */;

--
-- Dumping data for table `address`
--

LOCK TABLES `address` WRITE;
/*!40000 ALTER TABLE `address` DISABLE KEYS */;
INSERT INTO `address` VALUES ('54249','Thessaloniki'),('54250','Thessaloniki'),('54351','Thessaloniki'),('54352','Thessaloniki'),('54453','Thessaloniki'),('54454','Thessaloniki'),('54627','Thessaloniki'),('54629','Thessaloniki'),('54630','Thessaloniki'),('54631','Thessaloniki'),('54632','Thessaloniki'),('54633','Thessaloniki'),('54634','Thessaloniki'),('54635','Thessaloniki'),('54638','Thessaloniki'),('54639','Thessaloniki'),('54640','Thessaloniki'),('54641','Thessaloniki'),('54642','Thessaloniki'),('54643','Thessaloniki'),('54644','Thessaloniki'),('55131','Thessaloniki'),('55132','Thessaloniki'),('55133','Thessaloniki'),('55337','Thessaloniki'),('56123','Thessaloniki'),('56224','Thessaloniki'),('56625','Thessaloniki'),('56626','Thessaloniki'),('56728','Thessaloniki');
/*!40000 ALTER TABLE `address` ENABLE KEYS */;
UNLOCK TABLES;

--
-- Table structure for table `appointments`
--

DROP TABLE IF EXISTS `appointments`;
/*!40101 SET @saved_cs_client     = @@character_set_client */;
/*!50503 SET character_set_client = utf8mb4 */;
CREATE TABLE `appointments` (
  `patient_id` int NOT NULL,
  `doctor_id` int NOT NULL,
  `slot_id` int NOT NULL,
  `status` enum('scheduled','completed','canceled') DEFAULT NULL,
  `diagnosis` varchar(50) DEFAULT NULL,
  `medicine` varchar(50) DEFAULT NULL,
  PRIMARY KEY (`patient_id`,`doctor_id`,`slot_id`),
  KEY `docid_idx` (`doctor_id`),
  KEY `sid_idx` (`slot_id`),
  CONSTRAINT `docid` FOREIGN KEY (`doctor_id`) REFERENCES `available_slots` (`doctor_id`),
  CONSTRAINT `pid` FOREIGN KEY (`patient_id`) REFERENCES `patients` (`patient_id`),
  CONSTRAINT `sid` FOREIGN KEY (`slot_id`) REFERENCES `available_slots` (`slot_id`)
) ENGINE=InnoDB DEFAULT CHARSET=utf8mb3;
/*!40101 SET character_set_client = @saved_cs_client */;

--
-- Dumping data for table `appointments`
--

LOCK TABLES `appointments` WRITE;
/*!40000 ALTER TABLE `appointments` DISABLE KEYS */;
INSERT INTO `appointments` VALUES (1,2,6,'completed','Healthy',NULL),(1,4,17,'scheduled',NULL,NULL),(1,9,12,'completed','Healthy',NULL),(1,10,32,'scheduled',NULL,NULL),(1,11,8,'completed','Healthy',NULL),(1,16,24,'scheduled',NULL,NULL),(1,19,11,'completed','Healthy',NULL),(1,21,34,'scheduled',NULL,NULL),(1,23,35,'scheduled',NULL,NULL),(1,24,25,'scheduled',NULL,NULL),(1,25,9,'completed','Healthy',NULL),(1,27,27,'scheduled',NULL,NULL),(1,28,13,'completed','Healthy',NULL),(1,31,5,'completed','Healthy',NULL),(1,36,22,'scheduled',NULL,NULL),(1,38,19,'scheduled',NULL,NULL),(1,40,26,'scheduled',NULL,NULL),(1,41,1,'completed','Healthy',NULL),(1,42,14,'completed','Healthy',NULL),(1,43,3,'completed','Healthy',NULL),(1,45,7,'completed','Healthy',NULL),(1,54,23,'scheduled',NULL,NULL),(1,56,2,'completed','Healthy',NULL),(1,63,16,'scheduled',NULL,NULL),(1,67,21,'scheduled',NULL,NULL),(1,68,30,'scheduled',NULL,NULL),(1,75,10,'completed','Healthy',NULL),(1,78,15,'scheduled',NULL,NULL),(1,81,29,'scheduled',NULL,NULL),(1,84,20,'scheduled',NULL,NULL),(1,85,33,'scheduled',NULL,NULL),(1,86,4,'completed','Healthy',NULL),(1,87,28,'scheduled',NULL,NULL),(1,91,18,'scheduled',NULL,NULL),(1,92,31,'scheduled',NULL,NULL),(2,1,6,'completed','Healthy',NULL),(2,2,16,'scheduled',NULL,NULL),(2,6,3,'completed','Healthy',NULL),(2,7,8,'completed','Healthy',NULL),(2,8,1,'completed','Healthy',NULL),(2,9,5,'completed','Healthy',NULL),(2,12,26,'scheduled',NULL,NULL),(2,13,27,'scheduled',NULL,NULL),(2,20,15,'scheduled',NULL,NULL),(2,21,31,'scheduled',NULL,NULL),(2,22,33,'scheduled',NULL,NULL),(2,26,13,'completed','Healthy',NULL),(2,27,17,'scheduled',NULL,NULL),(2,29,10,'completed','Healthy',NULL),(2,30,28,'scheduled',NULL,NULL),(2,38,9,'completed','Healthy',NULL),(2,40,21,'scheduled',NULL,NULL),(2,41,14,'completed','Healthy',NULL),(2,45,34,'scheduled',NULL,NULL),(2,46,35,'scheduled',NULL,NULL),(2,47,20,'scheduled',NULL,NULL),(2,50,11,'completed','Healthy',NULL),(2,54,30,'scheduled',NULL,NULL),(2,55,7,'completed','Healthy',NULL),(2,56,22,'scheduled',NULL,NULL),(2,58,2,'completed','Healthy',NULL),(2,60,19,'scheduled',NULL,NULL),(2,64,29,'scheduled',NULL,NULL),(2,66,32,'scheduled',NULL,NULL),(2,70,12,'completed','Healthy',NULL),(2,79,18,'scheduled',NULL,NULL),(2,81,25,'scheduled',NULL,NULL),(2,86,24,'scheduled',NULL,NULL),(2,89,23,'scheduled',NULL,NULL),(2,92,4,'completed','Healthy',NULL),(3,2,27,'scheduled',NULL,NULL),(3,3,9,'completed','Healthy',NULL),(3,5,24,'scheduled',NULL,NULL),(3,9,3,'completed','Healthy',NULL),(3,14,19,'scheduled',NULL,NULL),(3,15,26,'scheduled',NULL,NULL),(3,17,29,'scheduled',NULL,NULL),(3,20,18,'scheduled',NULL,NULL),(3,22,17,'scheduled',NULL,NULL),(3,26,31,'scheduled',NULL,NULL),(3,28,1,'completed','Healthy',NULL),(3,29,6,'completed','Healthy',NULL),(3,32,16,'scheduled',NULL,NULL),(3,33,30,'scheduled',NULL,NULL),(3,34,35,'scheduled',NULL,NULL),(3,35,8,'completed','Healthy',NULL),(3,36,28,'scheduled',NULL,NULL),(3,37,21,'scheduled',NULL,NULL),(3,40,2,'completed','Healthy',NULL),(3,42,20,'scheduled',NULL,NULL),(3,45,4,'completed','Healthy',NULL),(3,46,23,'scheduled',NULL,NULL),(3,48,13,'completed','Healthy',NULL),(3,58,22,'scheduled',NULL,NULL),(3,61,15,'scheduled',NULL,NULL),(3,69,7,'completed','Healthy',NULL),(3,72,10,'completed','Healthy',NULL),(3,76,33,'scheduled',NULL,NULL),(3,77,25,'scheduled',NULL,NULL),(3,78,12,'completed','Healthy',NULL),(3,84,34,'scheduled',NULL,NULL),(3,85,32,'scheduled',NULL,NULL),(3,87,14,'completed','Healthy',NULL),(3,89,11,'completed','Healthy',NULL),(3,92,5,'completed','Healthy',NULL),(4,3,35,'scheduled',NULL,NULL),(4,5,10,'completed','Healthy',NULL),(4,7,22,'scheduled',NULL,NULL),(4,8,5,'completed','Healthy',NULL),(4,9,15,'scheduled',NULL,NULL),(4,12,6,'completed','Healthy',NULL),(4,14,31,'scheduled',NULL,NULL),(4,17,8,'completed','Healthy',NULL),(4,18,30,'scheduled',NULL,NULL),(4,22,13,'completed','Healthy',NULL),(4,23,17,'scheduled',NULL,NULL),(4,24,28,'scheduled',NULL,NULL),(4,26,32,'scheduled',NULL,NULL),(4,30,3,'completed','Healthy',NULL),(4,39,21,'scheduled',NULL,NULL),(4,41,29,'scheduled',NULL,NULL),(4,45,24,'scheduled',NULL,NULL),(4,47,26,'scheduled',NULL,NULL),(4,48,23,'scheduled',NULL,NULL),(4,54,27,'scheduled',NULL,NULL),(4,55,18,'scheduled',NULL,NULL),(4,56,25,'scheduled',NULL,NULL),(4,57,2,'completed','Healthy',NULL),(4,59,7,'completed','Healthy',NULL),(4,60,1,'completed','Healthy',NULL),(4,65,12,'completed','Healthy',NULL),(4,66,33,'scheduled',NULL,NULL),(4,67,34,'scheduled',NULL,NULL),(4,69,19,'scheduled',NULL,NULL),(4,71,14,'completed','Healthy',NULL),(4,72,11,'completed','Healthy',NULL),(4,87,9,'completed','Healthy',NULL),(4,89,4,'completed','Healthy',NULL),(4,92,16,'scheduled',NULL,NULL),(4,93,20,'scheduled',NULL,NULL),(5,1,28,'scheduled',NULL,NULL),(5,6,26,'scheduled',NULL,NULL),(5,8,4,'completed','Healthy',NULL),(5,9,14,'completed','Healthy',NULL),(5,10,31,'scheduled',NULL,NULL),(5,11,32,'scheduled',NULL,NULL),(5,12,24,'scheduled',NULL,NULL),(5,13,17,'scheduled',NULL,NULL),(5,18,3,'completed','Healthy',NULL),(5,21,35,'scheduled',NULL,NULL),(5,25,1,'completed','Healthy',NULL),(5,26,27,'scheduled',NULL,NULL),(5,28,21,'scheduled',NULL,NULL),(5,38,30,'scheduled',NULL,NULL),(5,43,18,'scheduled',NULL,NULL),(5,44,33,'scheduled',NULL,NULL),(5,45,2,'completed','Healthy',NULL),(5,46,22,'scheduled',NULL,NULL),(5,47,12,'completed','Healthy',NULL),(5,49,34,'scheduled',NULL,NULL),(5,50,6,'completed','Healthy',NULL),(5,52,23,'scheduled',NULL,NULL),(5,56,9,'completed','Healthy',NULL),(5,57,10,'completed','Healthy',NULL),(5,62,20,'scheduled',NULL,NULL),(5,64,16,'scheduled',NULL,NULL),(5,66,7,'completed','Healthy',NULL),(5,72,19,'scheduled',NULL,NULL),(5,74,13,'completed','Healthy',NULL),(5,76,29,'scheduled',NULL,NULL),(5,77,15,'scheduled',NULL,NULL),(5,85,5,'completed','Healthy',NULL),(5,87,8,'completed','Healthy',NULL),(5,88,11,'completed','Healthy',NULL),(5,91,25,'scheduled',NULL,NULL),(6,2,3,'completed','Healthy',NULL),(6,5,31,'scheduled',NULL,NULL),(6,8,15,'scheduled',NULL,NULL),(6,13,2,'completed','Healthy',NULL),(6,14,6,'completed','Healthy',NULL),(6,15,22,'scheduled',NULL,NULL),(6,17,16,'scheduled',NULL,NULL),(6,21,11,'completed','Healthy',NULL),(6,23,33,'scheduled',NULL,NULL),(6,24,30,'scheduled',NULL,NULL),(6,25,32,'scheduled',NULL,NULL),(6,27,13,'completed','Healthy',NULL),(6,33,14,'completed','Healthy',NULL),(6,34,10,'completed','Healthy',NULL),(6,37,25,'scheduled',NULL,NULL),(6,41,4,'completed','Healthy',NULL),(6,46,28,'scheduled',NULL,NULL),(6,48,18,'scheduled',NULL,NULL),(6,49,12,'completed','Healthy',NULL),(6,50,27,'scheduled',NULL,NULL),(6,54,5,'completed','Healthy',NULL),(6,55,21,'scheduled',NULL,NULL),(6,58,20,'scheduled',NULL,NULL),(6,61,7,'completed','Healthy',NULL),(6,66,29,'scheduled',NULL,NULL),(6,67,1,'completed','Healthy',NULL),(6,70,34,'scheduled',NULL,NULL),(6,71,23,'scheduled',NULL,NULL),(6,73,26,'scheduled',NULL,NULL),(6,82,9,'completed','Healthy',NULL),(6,83,35,'scheduled',NULL,NULL),(6,84,19,'scheduled',NULL,NULL),(6,87,24,'scheduled',NULL,NULL),(6,91,17,'scheduled',NULL,NULL),(6,92,8,'completed','Healthy',NULL),(7,4,3,'completed','Healthy',NULL),(7,6,25,'scheduled',NULL,NULL),(7,7,17,'scheduled',NULL,NULL),(7,8,16,'scheduled',NULL,NULL),(7,9,11,'completed','Healthy',NULL),(7,11,12,'completed','Healthy',NULL),(7,12,33,'scheduled',NULL,NULL),(7,16,2,'completed','Healthy',NULL),(7,19,28,'scheduled',NULL,NULL),(7,21,10,'completed','Healthy',NULL),(7,22,30,'scheduled',NULL,NULL),(7,25,34,'scheduled',NULL,NULL),(7,26,14,'completed','Healthy',NULL),(7,30,35,'scheduled',NULL,NULL),(7,37,27,'scheduled',NULL,NULL),(7,39,23,'scheduled',NULL,NULL),(7,40,7,'completed','Healthy',NULL),(7,41,18,'scheduled',NULL,NULL),(7,44,31,'scheduled',NULL,NULL),(7,49,32,'scheduled',NULL,NULL),(7,50,24,'scheduled',NULL,NULL),(7,53,1,'completed','Healthy',NULL),(7,56,4,'completed','Healthy',NULL),(7,59,6,'completed','Healthy',NULL),(7,62,15,'scheduled',NULL,NULL),(7,66,20,'scheduled',NULL,NULL),(7,68,21,'scheduled',NULL,NULL),(7,71,9,'completed','Healthy',NULL),(7,72,22,'scheduled',NULL,NULL),(7,74,5,'completed','Healthy',NULL),(7,78,8,'completed','Healthy',NULL),(7,85,13,'completed','Healthy',NULL),(7,91,26,'scheduled',NULL,NULL),(7,92,29,'scheduled',NULL,NULL),(7,93,19,'scheduled',NULL,NULL),(8,1,21,'scheduled',NULL,NULL),(8,3,24,'scheduled',NULL,NULL),(8,6,27,'scheduled',NULL,NULL),(8,12,31,'scheduled',NULL,NULL),(8,13,10,'completed','Healthy',NULL),(8,20,23,'scheduled',NULL,NULL),(8,23,5,'completed','Healthy',NULL),(8,26,28,'scheduled',NULL,NULL),(8,28,2,'completed','Healthy',NULL),(8,36,32,'scheduled',NULL,NULL),(8,41,30,'scheduled',NULL,NULL),(8,44,34,'scheduled',NULL,NULL),(8,52,25,'scheduled',NULL,NULL),(8,54,22,'scheduled',NULL,NULL),(8,55,6,'completed','Healthy',NULL),(8,57,29,'scheduled',NULL,NULL),(8,58,16,'scheduled',NULL,NULL),(8,59,17,'scheduled',NULL,NULL),(8,60,4,'completed','Healthy',NULL),(8,61,3,'completed','Healthy',NULL),(8,62,8,'completed','Healthy',NULL),(8,63,35,'scheduled',NULL,NULL),(8,66,26,'scheduled',NULL,NULL),(8,67,20,'scheduled',NULL,NULL),(8,68,15,'scheduled',NULL,NULL),(8,69,33,'scheduled',NULL,NULL),(8,74,18,'scheduled',NULL,NULL),(8,75,11,'completed','Healthy',NULL),(8,76,14,'completed','Healthy',NULL),(8,81,7,'completed','Healthy',NULL),(8,82,13,'completed','Healthy',NULL),(8,85,1,'completed','Healthy',NULL),(8,88,9,'completed','Healthy',NULL),(8,89,12,'completed','Healthy',NULL),(8,92,19,'scheduled',NULL,NULL),(9,1,35,'scheduled',NULL,NULL),(9,3,29,'scheduled',NULL,NULL),(9,4,12,'completed','Healthy',NULL),(9,10,21,'scheduled',NULL,NULL),(9,11,9,'completed','Healthy',NULL),(9,13,6,'completed','Healthy',NULL),(9,14,28,'scheduled',NULL,NULL),(9,15,27,'scheduled',NULL,NULL),(9,21,14,'completed','Healthy',NULL),(9,29,31,'scheduled',NULL,NULL),(9,30,30,'scheduled',NULL,NULL),(9,31,25,'scheduled',NULL,NULL),(9,33,7,'completed','Healthy',NULL),(9,36,26,'scheduled',NULL,NULL),(9,38,34,'scheduled',NULL,NULL),(9,39,17,'scheduled',NULL,NULL),(9,43,24,'scheduled',NULL,NULL),(9,47,2,'completed','Healthy',NULL),(9,49,13,'completed','Healthy',NULL),(9,52,19,'scheduled',NULL,NULL),(9,55,20,'scheduled',NULL,NULL),(9,59,22,'scheduled',NULL,NULL),(9,62,4,'completed','Healthy',NULL),(9,64,32,'scheduled',NULL,NULL),(9,65,16,'scheduled',NULL,NULL),(9,66,11,'completed','Healthy',NULL),(9,72,33,'scheduled',NULL,NULL),(9,74,8,'completed','Healthy',NULL),(9,77,18,'scheduled',NULL,NULL),(9,79,3,'completed','Healthy',NULL),(9,80,15,'scheduled',NULL,NULL),(9,81,10,'completed','Healthy',NULL),(9,83,5,'completed','Healthy',NULL),(9,88,1,'completed','Healthy',NULL),(9,91,23,'scheduled',NULL,NULL),(10,3,31,'scheduled',NULL,NULL),(10,6,9,'completed','Healthy',NULL),(10,9,21,'scheduled',NULL,NULL),(10,12,32,'scheduled',NULL,NULL),(10,15,12,'completed','Healthy',NULL),(10,16,15,'scheduled',NULL,NULL),(10,18,16,'scheduled',NULL,NULL),(10,20,17,'scheduled',NULL,NULL),(10,22,8,'completed','Healthy',NULL),(10,27,18,'scheduled',NULL,NULL),(10,28,19,'scheduled',NULL,NULL),(10,29,3,'completed','Healthy',NULL),(10,33,2,'completed','Healthy',NULL),(10,34,25,'scheduled',NULL,NULL),(10,41,5,'completed','Healthy',NULL),(10,44,1,'completed','Healthy',NULL),(10,45,27,'scheduled',NULL,NULL),(10,48,30,'scheduled',NULL,NULL),(10,49,14,'completed','Healthy',NULL),(10,54,10,'completed','Healthy',NULL),(10,56,13,'completed','Healthy',NULL),(10,59,23,'scheduled',NULL,NULL),(10,62,35,'scheduled',NULL,NULL),(10,63,33,'scheduled',NULL,NULL),(10,65,24,'scheduled',NULL,NULL),(10,66,28,'scheduled',NULL,NULL),(10,69,20,'scheduled',NULL,NULL),(10,71,6,'completed','Healthy',NULL),(10,77,11,'completed','Healthy',NULL),(10,79,7,'completed','Healthy',NULL),(10,83,26,'scheduled',NULL,NULL),(10,84,22,'scheduled',NULL,NULL),(10,85,29,'scheduled',NULL,NULL),(10,87,4,'completed','Healthy',NULL),(10,89,34,'scheduled',NULL,NULL),(11,4,20,'scheduled',NULL,NULL),(11,5,29,'scheduled',NULL,NULL),(11,8,30,'scheduled',NULL,NULL),(11,10,9,'completed','Healthy',NULL),(11,14,16,'scheduled',NULL,NULL),(11,17,18,'scheduled',NULL,NULL),(11,18,31,'scheduled',NULL,NULL),(11,20,8,'completed','Healthy',NULL),(11,21,21,'scheduled',NULL,NULL),(11,27,34,'scheduled',NULL,NULL),(11,30,13,'completed','Healthy',NULL),(11,31,4,'completed','Healthy',NULL),(11,34,3,'completed','Healthy',NULL),(11,40,11,'completed','Healthy',NULL),(11,49,10,'completed','Healthy',NULL),(11,51,19,'scheduled',NULL,NULL),(11,52,35,'scheduled',NULL,NULL),(11,57,32,'scheduled',NULL,NULL),(11,61,12,'completed','Healthy',NULL),(11,66,5,'completed','Healthy',NULL),(11,67,6,'completed','Healthy',NULL),(11,69,27,'scheduled',NULL,NULL),(11,70,26,'scheduled',NULL,NULL),(11,72,23,'scheduled',NULL,NULL),(11,75,7,'completed','Healthy',NULL),(11,76,22,'scheduled',NULL,NULL),(11,79,1,'completed','Healthy',NULL),(11,80,33,'scheduled',NULL,NULL),(11,81,28,'scheduled',NULL,NULL),(11,82,14,'completed','Healthy',NULL),(11,83,15,'scheduled',NULL,NULL),(11,85,24,'scheduled',NULL,NULL),(11,86,25,'scheduled',NULL,NULL),(11,87,2,'completed','Healthy',NULL),(11,92,17,'scheduled',NULL,NULL),(12,2,19,'scheduled',NULL,NULL),(12,5,27,'scheduled',NULL,NULL),(12,10,6,'completed','Healthy',NULL),(12,12,11,'completed','Healthy',NULL),(12,14,20,'scheduled',NULL,NULL),(12,16,23,'scheduled',NULL,NULL),(12,18,14,'completed','Healthy',NULL),(12,19,2,'completed','Healthy',NULL),(12,20,21,'scheduled',NULL,NULL),(12,21,5,'completed','Healthy',NULL),(12,27,28,'scheduled',NULL,NULL),(12,33,31,'scheduled',NULL,NULL),(12,35,13,'completed','Healthy',NULL),(12,39,1,'completed','Healthy',NULL),(12,41,22,'scheduled',NULL,NULL),(12,43,25,'scheduled',NULL,NULL),(12,46,12,'completed','Healthy',NULL),(12,49,8,'completed','Healthy',NULL),(12,54,15,'scheduled',NULL,NULL),(12,55,3,'completed','Healthy',NULL),(12,59,34,'scheduled',NULL,NULL),(12,60,35,'scheduled',NULL,NULL),(12,65,9,'completed','Healthy',NULL),(12,67,16,'scheduled',NULL,NULL),(12,68,18,'scheduled',NULL,NULL),(12,69,10,'completed','Healthy',NULL),(12,70,17,'scheduled',NULL,NULL),(12,71,7,'completed','Healthy',NULL),(12,73,33,'scheduled',NULL,NULL),(12,78,29,'scheduled',NULL,NULL),(12,80,26,'scheduled',NULL,NULL),(12,83,30,'scheduled',NULL,NULL),(12,88,24,'scheduled',NULL,NULL),(12,89,32,'scheduled',NULL,NULL),(12,91,4,'completed','Healthy',NULL),(13,5,3,'completed','Healthy',NULL),(13,6,2,'completed','Healthy',NULL),(13,11,27,'scheduled',NULL,NULL),(13,16,32,'scheduled',NULL,NULL),(13,18,5,'completed','Healthy',NULL),(13,19,1,'completed','Healthy',NULL),(13,22,9,'completed','Healthy',NULL),(13,25,15,'scheduled',NULL,NULL),(13,27,25,'scheduled',NULL,NULL),(13,29,34,'scheduled',NULL,NULL),(13,33,13,'completed','Healthy',NULL),(13,34,23,'scheduled',NULL,NULL),(13,36,33,'scheduled',NULL,NULL),(13,38,26,'scheduled',NULL,NULL),(13,40,28,'scheduled',NULL,NULL),(13,42,18,'scheduled',NULL,NULL),(13,47,24,'scheduled',NULL,NULL),(13,48,19,'scheduled',NULL,NULL),(13,52,21,'scheduled',NULL,NULL),(13,55,11,'completed','Healthy',NULL),(13,58,31,'scheduled',NULL,NULL),(13,59,29,'scheduled',NULL,NULL),(13,61,4,'completed','Healthy',NULL),(13,66,12,'completed','Healthy',NULL),(13,67,17,'scheduled',NULL,NULL),(13,70,35,'scheduled',NULL,NULL),(13,71,20,'scheduled',NULL,NULL),(13,73,30,'scheduled',NULL,NULL),(13,75,14,'completed','Healthy',NULL),(13,78,7,'completed','Healthy',NULL),(13,79,22,'scheduled',NULL,NULL),(13,80,8,'completed','Healthy',NULL),(13,83,10,'completed','Healthy',NULL),(13,85,6,'completed','Healthy',NULL),(13,87,16,'scheduled',NULL,NULL),(14,1,25,'scheduled',NULL,NULL),(14,3,21,'scheduled',NULL,NULL),(14,4,23,'scheduled',NULL,NULL),(14,5,26,'scheduled',NULL,NULL),(14,10,7,'completed','Healthy',NULL),(14,11,35,'scheduled',NULL,NULL),(14,12,13,'completed','Healthy',NULL),(14,15,19,'scheduled',NULL,NULL),(14,18,4,'completed','Healthy',NULL),(14,22,34,'scheduled',NULL,NULL),(14,23,18,'scheduled',NULL,NULL),(14,24,1,'completed','Healthy',NULL),(14,26,9,'completed','Healthy',NULL),(14,27,29,'scheduled',NULL,NULL),(14,38,12,'completed','Healthy',NULL),(14,40,8,'completed','Healthy',NULL),(14,46,15,'scheduled',NULL,NULL),(14,48,16,'scheduled',NULL,NULL),(14,49,20,'scheduled',NULL,NULL),(14,50,22,'scheduled',NULL,NULL),(14,57,17,'scheduled',NULL,NULL),(14,61,27,'scheduled',NULL,NULL),(14,62,10,'completed','Healthy',NULL),(14,63,2,'completed','Healthy',NULL),(14,66,6,'completed','Healthy',NULL),(14,70,5,'completed','Healthy',NULL),(14,74,33,'scheduled',NULL,NULL),(14,76,31,'scheduled',NULL,NULL),(14,78,30,'scheduled',NULL,NULL),(14,79,32,'scheduled',NULL,NULL),(14,85,28,'scheduled',NULL,NULL),(14,86,3,'completed','Healthy',NULL),(14,89,14,'completed','Healthy',NULL),(14,90,24,'scheduled',NULL,NULL),(14,91,11,'completed','Healthy',NULL),(15,3,5,'completed','Healthy',NULL),(15,9,31,'scheduled',NULL,NULL),(15,12,34,'scheduled',NULL,NULL),(15,14,15,'scheduled',NULL,NULL),(15,16,6,'completed','Healthy',NULL),(15,18,17,'scheduled',NULL,NULL),(15,20,16,'scheduled',NULL,NULL),(15,25,18,'scheduled',NULL,NULL),(15,26,10,'completed','Healthy',NULL),(15,27,21,'scheduled',NULL,NULL),(15,33,20,'scheduled',NULL,NULL),(15,34,7,'completed','Healthy',NULL),(15,36,8,'completed','Healthy',NULL),(15,37,14,'completed','Healthy',NULL),(15,38,13,'completed','Healthy',NULL),(15,40,35,'scheduled',NULL,NULL),(15,41,2,'completed','Healthy',NULL),(15,42,25,'scheduled',NULL,NULL),(15,44,19,'scheduled',NULL,NULL),(15,49,28,'scheduled',NULL,NULL),(15,54,11,'completed','Healthy',NULL),(15,60,33,'scheduled',NULL,NULL),(15,63,22,'scheduled',NULL,NULL),(15,64,1,'completed','Healthy',NULL),(15,65,29,'scheduled',NULL,NULL),(15,68,32,'scheduled',NULL,NULL),(15,73,23,'scheduled',NULL,NULL),(15,74,24,'scheduled',NULL,NULL),(15,77,26,'scheduled',NULL,NULL),(15,79,4,'completed','Healthy',NULL),(15,80,12,'completed','Healthy',NULL),(15,81,9,'completed','Healthy',NULL),(15,84,30,'scheduled',NULL,NULL),(15,87,3,'completed','Healthy',NULL),(15,92,27,'scheduled',NULL,NULL),(16,4,2,'completed','Healthy',NULL),(16,6,19,'scheduled',NULL,NULL),(16,7,10,'completed','Healthy',NULL),(16,10,29,'scheduled',NULL,NULL),(16,12,21,'scheduled',NULL,NULL),(16,14,18,'scheduled',NULL,NULL),(16,15,4,'completed','Healthy',NULL),(16,16,20,'scheduled',NULL,NULL),(16,17,34,'scheduled',NULL,NULL),(16,19,23,'scheduled',NULL,NULL),(16,20,30,'scheduled',NULL,NULL),(16,21,6,'completed','Healthy',NULL),(16,22,31,'scheduled',NULL,NULL),(16,27,12,'completed','Healthy',NULL),(16,40,32,'scheduled',NULL,NULL),(16,41,24,'scheduled',NULL,NULL),(16,43,33,'scheduled',NULL,NULL),(16,45,9,'completed','Healthy',NULL),(16,49,22,'scheduled',NULL,NULL),(16,50,17,'scheduled',NULL,NULL),(16,53,25,'scheduled',NULL,NULL),(16,63,1,'completed','Healthy',NULL),(16,64,7,'completed','Healthy',NULL),(16,65,14,'completed','Healthy',NULL),(16,66,8,'completed','Healthy',NULL),(16,70,15,'scheduled',NULL,NULL),(16,71,16,'scheduled',NULL,NULL),(16,74,11,'completed','Healthy',NULL),(16,75,3,'completed','Healthy',NULL),(16,78,28,'scheduled',NULL,NULL),(16,82,26,'scheduled',NULL,NULL),(16,86,35,'scheduled',NULL,NULL),(16,88,13,'completed','Healthy',NULL),(16,89,5,'completed','Healthy',NULL),(16,91,27,'scheduled',NULL,NULL),(17,2,2,'completed','Healthy',NULL),(17,4,35,'scheduled',NULL,NULL),(17,7,5,'completed','Healthy',NULL),(17,8,13,'completed','Healthy',NULL),(17,11,29,'scheduled',NULL,NULL),(17,14,34,'scheduled',NULL,NULL),(17,16,10,'completed','Healthy',NULL),(17,17,3,'completed','Healthy',NULL),(17,20,33,'scheduled',NULL,NULL),(17,21,20,'scheduled',NULL,NULL),(17,24,4,'completed','Healthy',NULL),(17,28,6,'completed','Healthy',NULL),(17,30,23,'scheduled',NULL,NULL),(17,33,8,'completed','Healthy',NULL),(17,39,9,'completed','Healthy',NULL),(17,41,17,'scheduled',NULL,NULL),(17,42,28,'scheduled',NULL,NULL),(17,45,1,'completed','Healthy',NULL),(17,47,30,'scheduled',NULL,NULL),(17,52,26,'scheduled',NULL,NULL),(17,53,19,'scheduled',NULL,NULL),(17,57,25,'scheduled',NULL,NULL),(17,58,7,'completed','Healthy',NULL),(17,60,27,'scheduled',NULL,NULL),(17,62,14,'completed','Healthy',NULL),(17,63,24,'scheduled',NULL,NULL),(17,66,21,'scheduled',NULL,NULL),(17,69,15,'scheduled',NULL,NULL),(17,70,16,'scheduled',NULL,NULL),(17,81,32,'scheduled',NULL,NULL),(17,82,12,'completed','Healthy',NULL),(17,83,22,'scheduled',NULL,NULL),(17,87,31,'scheduled',NULL,NULL),(17,90,18,'scheduled',NULL,NULL),(17,93,11,'completed','Healthy',NULL),(18,2,26,'scheduled',NULL,NULL),(18,4,16,'scheduled',NULL,NULL),(18,6,28,'scheduled',NULL,NULL),(18,8,35,'scheduled',NULL,NULL),(18,9,2,'completed','Healthy',NULL),(18,13,25,'scheduled',NULL,NULL),(18,14,24,'scheduled',NULL,NULL),(18,24,17,'scheduled',NULL,NULL),(18,26,8,'completed','Healthy',NULL),(18,28,10,'completed','Healthy',NULL),(18,29,27,'scheduled',NULL,NULL),(18,35,14,'completed','Healthy',NULL),(18,40,3,'completed','Healthy',NULL),(18,43,5,'completed','Healthy',NULL),(18,45,31,'scheduled',NULL,NULL),(18,49,21,'scheduled',NULL,NULL),(18,50,7,'completed','Healthy',NULL),(18,52,11,'completed','Healthy',NULL),(18,59,9,'completed','Healthy',NULL),(18,60,15,'scheduled',NULL,NULL),(18,61,20,'scheduled',NULL,NULL),(18,62,29,'scheduled',NULL,NULL),(18,66,34,'scheduled',NULL,NULL),(18,71,30,'scheduled',NULL,NULL),(18,72,32,'scheduled',NULL,NULL),(18,74,23,'scheduled',NULL,NULL),(18,77,13,'completed','Healthy',NULL),(18,78,1,'completed','Healthy',NULL),(18,80,6,'completed','Healthy',NULL),(18,83,33,'scheduled',NULL,NULL),(18,85,4,'completed','Healthy',NULL),(18,86,12,'completed','Healthy',NULL),(18,87,18,'scheduled',NULL,NULL),(18,88,19,'scheduled',NULL,NULL),(18,93,22,'scheduled',NULL,NULL),(19,1,23,'scheduled',NULL,NULL),(19,6,5,'completed','Healthy',NULL),(19,17,10,'completed','Healthy',NULL),(19,19,32,'scheduled',NULL,NULL),(19,23,15,'scheduled',NULL,NULL),(19,30,4,'completed','Healthy',NULL),(19,34,8,'completed','Healthy',NULL),(19,35,18,'scheduled',NULL,NULL),(19,36,3,'completed','Healthy',NULL),(19,37,33,'scheduled',NULL,NULL),(19,41,9,'completed','Healthy',NULL),(19,44,2,'completed','Healthy',NULL),(19,45,19,'scheduled',NULL,NULL),(19,46,17,'scheduled',NULL,NULL),(19,47,21,'scheduled',NULL,NULL),(19,48,27,'scheduled',NULL,NULL),(19,52,24,'scheduled',NULL,NULL),(19,55,34,'scheduled',NULL,NULL),(19,59,26,'scheduled',NULL,NULL),(19,60,13,'completed','Healthy',NULL),(19,62,22,'scheduled',NULL,NULL),(19,63,28,'scheduled',NULL,NULL),(19,65,31,'scheduled',NULL,NULL),(19,68,35,'scheduled',NULL,NULL),(19,69,12,'completed','Healthy',NULL),(19,70,7,'completed','Healthy',NULL),(19,71,11,'completed','Healthy',NULL),(19,74,20,'scheduled',NULL,NULL),(19,75,29,'scheduled',NULL,NULL),(19,76,1,'completed','Healthy',NULL),(19,79,25,'scheduled',NULL,NULL),(19,86,16,'scheduled',NULL,NULL),(19,88,14,'completed','Healthy',NULL),(19,89,6,'completed','Healthy',NULL),(19,93,30,'scheduled',NULL,NULL),(20,4,30,'scheduled',NULL,NULL),(20,7,34,'scheduled',NULL,NULL),(20,12,10,'completed','Healthy',NULL),(20,13,24,'scheduled',NULL,NULL),(20,14,21,'scheduled',NULL,NULL),(20,16,16,'scheduled',NULL,NULL),(20,18,25,'scheduled',NULL,NULL),(20,23,8,'completed','Healthy',NULL),(20,24,5,'completed','Healthy',NULL),(20,25,4,'completed','Healthy',NULL),(20,26,23,'scheduled',NULL,NULL),(20,28,7,'completed','Healthy',NULL),(20,31,19,'scheduled',NULL,NULL),(20,37,11,'completed','Healthy',NULL),(20,39,31,'scheduled',NULL,NULL),(20,41,27,'scheduled',NULL,NULL),(20,48,9,'completed','Healthy',NULL),(20,52,33,'scheduled',NULL,NULL),(20,53,2,'completed','Healthy',NULL),(20,54,32,'scheduled',NULL,NULL),(20,59,13,'completed','Healthy',NULL),(20,62,28,'scheduled',NULL,NULL),(20,64,26,'scheduled',NULL,NULL),(20,65,18,'scheduled',NULL,NULL),(20,69,1,'completed','Healthy',NULL),(20,71,29,'scheduled',NULL,NULL),(20,73,14,'completed','Healthy',NULL),(20,74,17,'scheduled',NULL,NULL),(20,76,20,'scheduled',NULL,NULL),(20,79,12,'completed','Healthy',NULL),(20,81,35,'scheduled',NULL,NULL),(20,84,6,'completed','Healthy',NULL),(20,85,3,'completed','Healthy',NULL),(20,88,15,'scheduled',NULL,NULL),(20,92,22,'scheduled',NULL,NULL),(21,1,3,'completed','Healthy',NULL),(21,2,18,'scheduled',NULL,NULL),(21,5,8,'completed','Healthy',NULL),(21,7,11,'completed','Healthy',NULL),(21,10,34,'scheduled',NULL,NULL),(21,13,14,'completed','Healthy',NULL),(21,14,23,'scheduled',NULL,NULL),(21,15,16,'scheduled',NULL,NULL),(21,19,6,'completed','Healthy',NULL),(21,25,25,'scheduled',NULL,NULL),(21,30,15,'scheduled',NULL,NULL),(21,35,21,'scheduled',NULL,NULL),(21,40,12,'completed','Healthy',NULL),(21,43,22,'scheduled',NULL,NULL),(21,45,5,'completed','Healthy',NULL),(21,46,27,'scheduled',NULL,NULL),(21,47,32,'scheduled',NULL,NULL),(21,48,24,'scheduled',NULL,NULL),(21,53,10,'completed','Healthy',NULL),(21,55,29,'scheduled',NULL,NULL),(21,57,30,'scheduled',NULL,NULL),(21,58,33,'scheduled',NULL,NULL),(21,62,9,'completed','Healthy',NULL),(21,65,28,'scheduled',NULL,NULL),(21,68,13,'completed','Healthy',NULL),(21,69,4,'completed','Healthy',NULL),(21,71,19,'scheduled',NULL,NULL),(21,72,1,'completed','Healthy',NULL),(21,73,17,'scheduled',NULL,NULL),(21,74,35,'scheduled',NULL,NULL),(21,76,26,'scheduled',NULL,NULL),(21,79,2,'completed','Healthy',NULL),(21,89,7,'completed','Healthy',NULL),(21,90,31,'scheduled',NULL,NULL),(21,91,20,'scheduled',NULL,NULL),(22,3,16,'scheduled',NULL,NULL),(22,4,10,'completed','Healthy',NULL),(22,5,20,'scheduled',NULL,NULL),(22,6,31,'scheduled',NULL,NULL),(22,7,29,'scheduled',NULL,NULL),(22,9,13,'completed','Healthy',NULL),(22,13,30,'scheduled',NULL,NULL),(22,17,14,'completed','Healthy',NULL),(22,20,35,'scheduled',NULL,NULL),(22,24,8,'completed','Healthy',NULL),(22,25,24,'scheduled',NULL,NULL),(22,28,25,'scheduled',NULL,NULL),(22,32,6,'completed','Healthy',NULL),(22,34,1,'completed','Healthy',NULL),(22,35,11,'completed','Healthy',NULL),(22,37,22,'scheduled',NULL,NULL),(22,39,12,'completed','Healthy',NULL),(22,41,33,'scheduled',NULL,NULL),(22,45,26,'scheduled',NULL,NULL),(22,46,2,'completed','Healthy',NULL),(22,48,15,'scheduled',NULL,NULL),(22,52,5,'completed','Healthy',NULL),(22,54,21,'scheduled',NULL,NULL),(22,56,3,'completed','Healthy',NULL),(22,65,17,'scheduled',NULL,NULL),(22,66,27,'scheduled',NULL,NULL),(22,67,9,'completed','Healthy',NULL),(22,69,28,'scheduled',NULL,NULL),(22,72,7,'completed','Healthy',NULL),(22,74,34,'scheduled',NULL,NULL),(22,78,32,'scheduled',NULL,NULL),(22,80,18,'scheduled',NULL,NULL),(22,81,19,'scheduled',NULL,NULL),(22,86,23,'scheduled',NULL,NULL),(22,88,4,'completed','Healthy',NULL),(23,1,7,'completed','Healthy',NULL),(23,4,22,'scheduled',NULL,NULL),(23,5,21,'scheduled',NULL,NULL),(23,6,34,'scheduled',NULL,NULL),(23,8,11,'completed','Healthy',NULL),(23,11,6,'completed','Healthy',NULL),(23,13,31,'scheduled',NULL,NULL),(23,16,8,'completed','Healthy',NULL),(23,19,33,'scheduled',NULL,NULL),(23,23,4,'completed','Healthy',NULL),(23,25,35,'scheduled',NULL,NULL),(23,26,12,'completed','Healthy',NULL),(23,27,26,'scheduled',NULL,NULL),(23,30,14,'completed','Healthy',NULL),(23,31,30,'scheduled',NULL,NULL),(23,34,27,'scheduled',NULL,NULL),(23,35,28,'scheduled',NULL,NULL),(23,37,1,'completed','Healthy',NULL),(23,43,19,'scheduled',NULL,NULL),(23,46,16,'scheduled',NULL,NULL),(23,50,20,'scheduled',NULL,NULL),(23,53,3,'completed','Healthy',NULL),(23,57,15,'scheduled',NULL,NULL),(23,58,10,'completed','Healthy',NULL),(23,59,32,'scheduled',NULL,NULL),(23,60,23,'scheduled',NULL,NULL),(23,63,25,'scheduled',NULL,NULL),(23,65,5,'completed','Healthy',NULL),(23,73,18,'scheduled',NULL,NULL),(23,74,29,'scheduled',NULL,NULL),(23,75,2,'completed','Healthy',NULL),(23,78,17,'scheduled',NULL,NULL),(23,84,13,'completed','Healthy',NULL),(23,91,24,'scheduled',NULL,NULL),(23,92,9,'completed','Healthy',NULL),(24,2,1,'completed','Healthy',NULL),(24,3,6,'completed','Healthy',NULL),(24,4,5,'completed','Healthy',NULL),(24,6,12,'completed','Healthy',NULL),(24,9,7,'completed','Healthy',NULL),(24,14,17,'scheduled',NULL,NULL),(24,16,31,'scheduled',NULL,NULL),(24,17,13,'completed','Healthy',NULL),(24,18,26,'scheduled',NULL,NULL),(24,21,9,'completed','Healthy',NULL),(24,23,24,'scheduled',NULL,NULL),(24,24,18,'scheduled',NULL,NULL),(24,25,22,'scheduled',NULL,NULL),(24,26,33,'scheduled',NULL,NULL),(24,31,8,'completed','Healthy',NULL),(24,33,16,'scheduled',NULL,NULL),(24,34,2,'completed','Healthy',NULL),(24,38,21,'scheduled',NULL,NULL),(24,40,23,'scheduled',NULL,NULL),(24,42,27,'scheduled',NULL,NULL),(24,46,10,'completed','Healthy',NULL),(24,51,34,'scheduled',NULL,NULL),(24,53,32,'scheduled',NULL,NULL),(24,54,4,'completed','Healthy',NULL),(24,60,29,'scheduled',NULL,NULL),(24,61,11,'completed','Healthy',NULL),(24,68,25,'scheduled',NULL,NULL),(24,69,35,'scheduled',NULL,NULL),(24,70,20,'scheduled',NULL,NULL),(24,73,3,'completed','Healthy',NULL),(24,79,14,'completed','Healthy',NULL),(24,80,30,'scheduled',NULL,NULL),(24,86,19,'scheduled',NULL,NULL),(24,90,28,'scheduled',NULL,NULL),(24,91,15,'scheduled',NULL,NULL),(25,3,2,'completed','Healthy',NULL),(25,6,23,'scheduled',NULL,NULL),(25,8,28,'scheduled',NULL,NULL),(25,9,27,'scheduled',NULL,NULL),(25,12,35,'scheduled',NULL,NULL),(25,19,14,'completed','Healthy',NULL),(25,22,24,'scheduled',NULL,NULL),(25,31,7,'completed','Healthy',NULL),(25,32,25,'scheduled',NULL,NULL),(25,34,26,'scheduled',NULL,NULL),(25,36,20,'scheduled',NULL,NULL),(25,37,10,'completed','Healthy',NULL),(25,38,11,'completed','Healthy',NULL),(25,40,6,'completed','Healthy',NULL),(25,41,16,'scheduled',NULL,NULL),(25,44,5,'completed','Healthy',NULL),(25,45,22,'scheduled',NULL,NULL),(25,46,30,'scheduled',NULL,NULL),(25,47,1,'completed','Healthy',NULL),(25,50,31,'scheduled',NULL,NULL),(25,51,8,'completed','Healthy',NULL),(25,52,13,'completed','Healthy',NULL),(25,56,32,'scheduled',NULL,NULL),(25,59,18,'scheduled',NULL,NULL),(25,60,12,'completed','Healthy',NULL),(25,64,34,'scheduled',NULL,NULL),(25,66,4,'completed','Healthy',NULL),(25,69,29,'scheduled',NULL,NULL),(25,74,3,'completed','Healthy',NULL),(25,78,19,'scheduled',NULL,NULL),(25,79,21,'scheduled',NULL,NULL),(25,81,15,'scheduled',NULL,NULL),(25,88,17,'scheduled',NULL,NULL),(25,91,9,'completed','Healthy',NULL),(25,93,33,'scheduled',NULL,NULL);
/*!40000 ALTER TABLE `appointments` ENABLE KEYS */;
UNLOCK TABLES;

--
-- Table structure for table `available_slots`
--

DROP TABLE IF EXISTS `available_slots`;
/*!40101 SET @saved_cs_client     = @@character_set_client */;
/*!50503 SET character_set_client = utf8mb4 */;
CREATE TABLE `available_slots` (
  `slot_id` int NOT NULL,
  `doctor_id` int NOT NULL,
  `date_time` datetime NOT NULL,
  `booked` tinyint(1) DEFAULT '0',
  PRIMARY KEY (`slot_id`,`doctor_id`),
  KEY `did_idx` (`doctor_id`),
  CONSTRAINT `did` FOREIGN KEY (`doctor_id`) REFERENCES `doctors` (`doctor_id`)
) ENGINE=InnoDB DEFAULT CHARSET=utf8mb3;
/*!40101 SET character_set_client = @saved_cs_client */;

--
-- Dumping data for table `available_slots`
--

LOCK TABLES `available_slots` WRITE;
/*!40000 ALTER TABLE `available_slots` DISABLE KEYS */;
INSERT INTO `available_slots` VALUES (1,1,'2025-02-13 10:00:00',0),(1,2,'2025-02-13 10:00:00',1),(1,3,'2025-02-13 10:00:00',0),(1,4,'2025-02-13 10:00:00',0),(1,5,'2025-02-13 10:00:00',0),(1,6,'2025-02-13 10:00:00',0),(1,7,'2025-02-13 10:00:00',0),(1,8,'2025-02-13 10:00:00',1),(1,9,'2025-02-13 10:00:00',0),(1,10,'2025-02-13 10:00:00',0),(1,11,'2025-02-13 10:00:00',0),(1,12,'2025-02-13 10:00:00',0),(1,13,'2025-02-13 10:00:00',0),(1,14,'2025-02-13 10:00:00',0),(1,15,'2025-02-13 10:00:00',0),(1,16,'2025-02-13 10:00:00',0),(1,17,'2025-02-13 10:00:00',0),(1,18,'2025-02-13 10:00:00',0),(1,19,'2025-02-13 10:00:00',1),(1,20,'2025-02-13 10:00:00',0),(1,21,'2025-02-13 10:00:00',0),(1,22,'2025-02-13 10:00:00',0),(1,23,'2025-02-13 10:00:00',0),(1,24,'2025-02-13 10:00:00',1),(1,25,'2025-02-13 10:00:00',1),(1,26,'2025-02-13 10:00:00',0),(1,27,'2025-02-13 10:00:00',0),(1,28,'2025-02-13 10:00:00',1),(1,29,'2025-02-13 10:00:00',0),(1,30,'2025-02-13 10:00:00',0),(1,31,'2025-02-13 10:00:00',0),(1,32,'2025-02-13 10:00:00',0),(1,33,'2025-02-13 10:00:00',0),(1,34,'2025-02-13 10:00:00',1),(1,35,'2025-02-13 10:00:00',0),(1,36,'2025-02-13 10:00:00',0),(1,37,'2025-02-13 10:00:00',1),(1,38,'2025-02-13 10:00:00',0),(1,39,'2025-02-13 10:00:00',1),(1,40,'2025-02-13 10:00:00',0),(1,41,'2025-02-13 10:00:00',1),(1,42,'2025-02-13 10:00:00',0),(1,43,'2025-02-13 10:00:00',0),(1,44,'2025-02-13 10:00:00',1),(1,45,'2025-02-13 10:00:00',1),(1,46,'2025-02-13 10:00:00',0),(1,47,'2025-02-13 10:00:00',1),(1,48,'2025-02-13 10:00:00',0),(1,49,'2025-02-13 10:00:00',0),(1,50,'2025-02-13 10:00:00',0),(1,51,'2025-02-13 10:00:00',0),(1,52,'2025-02-13 10:00:00',0),(1,53,'2025-02-13 10:00:00',1),(1,54,'2025-02-13 10:00:00',0),(1,55,'2025-02-13 10:00:00',0),(1,56,'2025-02-13 10:00:00',0),(1,57,'2025-02-13 10:00:00',0),(1,58,'2025-02-13 10:00:00',0),(1,59,'2025-02-13 10:00:00',0),(1,60,'2025-02-13 10:00:00',1),(1,61,'2025-02-13 10:00:00',0),(1,62,'2025-02-13 10:00:00',0),(1,63,'2025-02-13 10:00:00',1),(1,64,'2025-02-13 10:00:00',1),(1,65,'2025-02-13 10:00:00',0),(1,66,'2025-02-13 10:00:00',0),(1,67,'2025-02-13 10:00:00',1),(1,68,'2025-02-13 10:00:00',0),(1,69,'2025-02-13 10:00:00',1),(1,70,'2025-02-13 10:00:00',0),(1,71,'2025-02-13 10:00:00',0),(1,72,'2025-02-13 10:00:00',1),(1,73,'2025-02-13 10:00:00',0),(1,74,'2025-02-13 10:00:00',0),(1,75,'2025-02-13 10:00:00',0),(1,76,'2025-02-13 10:00:00',1),(1,77,'2025-02-13 10:00:00',0),(1,78,'2025-02-13 10:00:00',1),(1,79,'2025-02-13 10:00:00',1),(1,80,'2025-02-13 10:00:00',0),(1,81,'2025-02-13 10:00:00',0),(1,82,'2025-02-13 10:00:00',0),(1,83,'2025-02-13 10:00:00',0),(1,84,'2025-02-13 10:00:00',0),(1,85,'2025-02-13 10:00:00',1),(1,86,'2025-02-13 10:00:00',0),(1,87,'2025-02-13 10:00:00',0),(1,88,'2025-02-13 10:00:00',1),(1,89,'2025-02-13 10:00:00',0),(1,90,'2025-02-13 10:00:00',0),(1,91,'2025-02-13 10:00:00',0),(1,92,'2025-02-13 10:00:00',0),(1,93,'2025-02-13 10:00:00',0),(2,1,'2025-02-13 11:00:00',0),(2,2,'2025-02-13 11:00:00',1),(2,3,'2025-02-13 11:00:00',1),(2,4,'2025-02-13 11:00:00',1),(2,5,'2025-02-13 11:00:00',0),(2,6,'2025-02-13 11:00:00',1),(2,7,'2025-02-13 11:00:00',0),(2,8,'2025-02-13 11:00:00',0),(2,9,'2025-02-13 11:00:00',1),(2,10,'2025-02-13 11:00:00',0),(2,11,'2025-02-13 11:00:00',0),(2,12,'2025-02-13 11:00:00',0),(2,13,'2025-02-13 11:00:00',1),(2,14,'2025-02-13 11:00:00',0),(2,15,'2025-02-13 11:00:00',0),(2,16,'2025-02-13 11:00:00',1),(2,17,'2025-02-13 11:00:00',0),(2,18,'2025-02-13 11:00:00',0),(2,19,'2025-02-13 11:00:00',1),(2,20,'2025-02-13 11:00:00',0),(2,21,'2025-02-13 11:00:00',0),(2,22,'2025-02-13 11:00:00',0),(2,23,'2025-02-13 11:00:00',0),(2,24,'2025-02-13 11:00:00',0),(2,25,'2025-02-13 11:00:00',0),(2,26,'2025-02-13 11:00:00',0),(2,27,'2025-02-13 11:00:00',0),(2,28,'2025-02-13 11:00:00',1),(2,29,'2025-02-13 11:00:00',0),(2,30,'2025-02-13 11:00:00',0),(2,31,'2025-02-13 11:00:00',0),(2,32,'2025-02-13 11:00:00',0),(2,33,'2025-02-13 11:00:00',1),(2,34,'2025-02-13 11:00:00',1),(2,35,'2025-02-13 11:00:00',0),(2,36,'2025-02-13 11:00:00',0),(2,37,'2025-02-13 11:00:00',0),(2,38,'2025-02-13 11:00:00',0),(2,39,'2025-02-13 11:00:00',0),(2,40,'2025-02-13 11:00:00',1),(2,41,'2025-02-13 11:00:00',1),(2,42,'2025-02-13 11:00:00',0),(2,43,'2025-02-13 11:00:00',0),(2,44,'2025-02-13 11:00:00',1),(2,45,'2025-02-13 11:00:00',1),(2,46,'2025-02-13 11:00:00',1),(2,47,'2025-02-13 11:00:00',1),(2,48,'2025-02-13 11:00:00',0),(2,49,'2025-02-13 11:00:00',0),(2,50,'2025-02-13 11:00:00',0),(2,51,'2025-02-13 11:00:00',0),(2,52,'2025-02-13 11:00:00',0),(2,53,'2025-02-13 11:00:00',1),(2,54,'2025-02-13 11:00:00',0),(2,55,'2025-02-13 11:00:00',0),(2,56,'2025-02-13 11:00:00',1),(2,57,'2025-02-13 11:00:00',1),(2,58,'2025-02-13 11:00:00',1),(2,59,'2025-02-13 11:00:00',0),(2,60,'2025-02-13 11:00:00',0),(2,61,'2025-02-13 11:00:00',0),(2,62,'2025-02-13 11:00:00',0),(2,63,'2025-02-13 11:00:00',1),(2,64,'2025-02-13 11:00:00',0),(2,65,'2025-02-13 11:00:00',0),(2,66,'2025-02-13 11:00:00',0),(2,67,'2025-02-13 11:00:00',0),(2,68,'2025-02-13 11:00:00',0),(2,69,'2025-02-13 11:00:00',0),(2,70,'2025-02-13 11:00:00',0),(2,71,'2025-02-13 11:00:00',0),(2,72,'2025-02-13 11:00:00',0),(2,73,'2025-02-13 11:00:00',0),(2,74,'2025-02-13 11:00:00',0),(2,75,'2025-02-13 11:00:00',1),(2,76,'2025-02-13 11:00:00',0),(2,77,'2025-02-13 11:00:00',0),(2,78,'2025-02-13 11:00:00',0),(2,79,'2025-02-13 11:00:00',1),(2,80,'2025-02-13 11:00:00',0),(2,81,'2025-02-13 11:00:00',0),(2,82,'2025-02-13 11:00:00',0),(2,83,'2025-02-13 11:00:00',0),(2,84,'2025-02-13 11:00:00',0),(2,85,'2025-02-13 11:00:00',0),(2,86,'2025-02-13 11:00:00',0),(2,87,'2025-02-13 11:00:00',1),(2,88,'2025-02-13 11:00:00',0),(2,89,'2025-02-13 11:00:00',0),(2,90,'2025-02-13 11:00:00',0),(2,91,'2025-02-13 11:00:00',0),(2,92,'2025-02-13 11:00:00',0),(2,93,'2025-02-13 11:00:00',0),(3,1,'2025-02-13 12:00:00',1),(3,2,'2025-02-13 12:00:00',1),(3,3,'2025-02-13 12:00:00',0),(3,4,'2025-02-13 12:00:00',1),(3,5,'2025-02-13 12:00:00',1),(3,6,'2025-02-13 12:00:00',1),(3,7,'2025-02-13 12:00:00',0),(3,8,'2025-02-13 12:00:00',0),(3,9,'2025-02-13 12:00:00',1),(3,10,'2025-02-13 12:00:00',0),(3,11,'2025-02-13 12:00:00',0),(3,12,'2025-02-13 12:00:00',0),(3,13,'2025-02-13 12:00:00',0),(3,14,'2025-02-13 12:00:00',0),(3,15,'2025-02-13 12:00:00',0),(3,16,'2025-02-13 12:00:00',0),(3,17,'2025-02-13 12:00:00',1),(3,18,'2025-02-13 12:00:00',1),(3,19,'2025-02-13 12:00:00',0),(3,20,'2025-02-13 12:00:00',0),(3,21,'2025-02-13 12:00:00',0),(3,22,'2025-02-13 12:00:00',0),(3,23,'2025-02-13 12:00:00',0),(3,24,'2025-02-13 12:00:00',0),(3,25,'2025-02-13 12:00:00',0),(3,26,'2025-02-13 12:00:00',0),(3,27,'2025-02-13 12:00:00',0),(3,28,'2025-02-13 12:00:00',0),(3,29,'2025-02-13 12:00:00',1),(3,30,'2025-02-13 12:00:00',1),(3,31,'2025-02-13 12:00:00',0),(3,32,'2025-02-13 12:00:00',0),(3,33,'2025-02-13 12:00:00',0),(3,34,'2025-02-13 12:00:00',1),(3,35,'2025-02-13 12:00:00',0),(3,36,'2025-02-13 12:00:00',1),(3,37,'2025-02-13 12:00:00',0),(3,38,'2025-02-13 12:00:00',0),(3,39,'2025-02-13 12:00:00',0),(3,40,'2025-02-13 12:00:00',1),(3,41,'2025-02-13 12:00:00',0),(3,42,'2025-02-13 12:00:00',0),(3,43,'2025-02-13 12:00:00',1),(3,44,'2025-02-13 12:00:00',0),(3,45,'2025-02-13 12:00:00',0),(3,46,'2025-02-13 12:00:00',0),(3,47,'2025-02-13 12:00:00',0),(3,48,'2025-02-13 12:00:00',0),(3,49,'2025-02-13 12:00:00',0),(3,50,'2025-02-13 12:00:00',0),(3,51,'2025-02-13 12:00:00',0),(3,52,'2025-02-13 12:00:00',0),(3,53,'2025-02-13 12:00:00',1),(3,54,'2025-02-13 12:00:00',0),(3,55,'2025-02-13 12:00:00',1),(3,56,'2025-02-13 12:00:00',1),(3,57,'2025-02-13 12:00:00',0),(3,58,'2025-02-13 12:00:00',0),(3,59,'2025-02-13 12:00:00',0),(3,60,'2025-02-13 12:00:00',0),(3,61,'2025-02-13 12:00:00',1),(3,62,'2025-02-13 12:00:00',0),(3,63,'2025-02-13 12:00:00',0),(3,64,'2025-02-13 12:00:00',0),(3,65,'2025-02-13 12:00:00',0),(3,66,'2025-02-13 12:00:00',0),(3,67,'2025-02-13 12:00:00',0),(3,68,'2025-02-13 12:00:00',0),(3,69,'2025-02-13 12:00:00',0),(3,70,'2025-02-13 12:00:00',0),(3,71,'2025-02-13 12:00:00',0),(3,72,'2025-02-13 12:00:00',0),(3,73,'2025-02-13 12:00:00',1),(3,74,'2025-02-13 12:00:00',1),(3,75,'2025-02-13 12:00:00',1),(3,76,'2025-02-13 12:00:00',0),(3,77,'2025-02-13 12:00:00',0),(3,78,'2025-02-13 12:00:00',0),(3,79,'2025-02-13 12:00:00',1),(3,80,'2025-02-13 12:00:00',0),(3,81,'2025-02-13 12:00:00',0),(3,82,'2025-02-13 12:00:00',0),(3,83,'2025-02-13 12:00:00',0),(3,84,'2025-02-13 12:00:00',0),(3,85,'2025-02-13 12:00:00',1),(3,86,'2025-02-13 12:00:00',1),(3,87,'2025-02-13 12:00:00',1),(3,88,'2025-02-13 12:00:00',0),(3,89,'2025-02-13 12:00:00',0),(3,90,'2025-02-13 12:00:00',0),(3,91,'2025-02-13 12:00:00',0),(3,92,'2025-02-13 12:00:00',0),(3,93,'2025-02-13 12:00:00',0),(4,1,'2025-02-13 13:00:00',0),(4,2,'2025-02-13 13:00:00',0),(4,3,'2025-02-13 13:00:00',0),(4,4,'2025-02-13 13:00:00',0),(4,5,'2025-02-13 13:00:00',0),(4,6,'2025-02-13 13:00:00',0),(4,7,'2025-02-13 13:00:00',0),(4,8,'2025-02-13 13:00:00',1),(4,9,'2025-02-13 13:00:00',0),(4,10,'2025-02-13 13:00:00',0),(4,11,'2025-02-13 13:00:00',0),(4,12,'2025-02-13 13:00:00',0),(4,13,'2025-02-13 13:00:00',0),(4,14,'2025-02-13 13:00:00',0),(4,15,'2025-02-13 13:00:00',1),(4,16,'2025-02-13 13:00:00',0),(4,17,'2025-02-13 13:00:00',0),(4,18,'2025-02-13 13:00:00',1),(4,19,'2025-02-13 13:00:00',0),(4,20,'2025-02-13 13:00:00',0),(4,21,'2025-02-13 13:00:00',0),(4,22,'2025-02-13 13:00:00',0),(4,23,'2025-02-13 13:00:00',1),(4,24,'2025-02-13 13:00:00',1),(4,25,'2025-02-13 13:00:00',1),(4,26,'2025-02-13 13:00:00',0),(4,27,'2025-02-13 13:00:00',0),(4,28,'2025-02-13 13:00:00',0),(4,29,'2025-02-13 13:00:00',0),(4,30,'2025-02-13 13:00:00',1),(4,31,'2025-02-13 13:00:00',1),(4,32,'2025-02-13 13:00:00',0),(4,33,'2025-02-13 13:00:00',0),(4,34,'2025-02-13 13:00:00',0),(4,35,'2025-02-13 13:00:00',0),(4,36,'2025-02-13 13:00:00',0),(4,37,'2025-02-13 13:00:00',0),(4,38,'2025-02-13 13:00:00',0),(4,39,'2025-02-13 13:00:00',0),(4,40,'2025-02-13 13:00:00',0),(4,41,'2025-02-13 13:00:00',1),(4,42,'2025-02-13 13:00:00',0),(4,43,'2025-02-13 13:00:00',0),(4,44,'2025-02-13 13:00:00',0),(4,45,'2025-02-13 13:00:00',1),(4,46,'2025-02-13 13:00:00',0),(4,47,'2025-02-13 13:00:00',0),(4,48,'2025-02-13 13:00:00',0),(4,49,'2025-02-13 13:00:00',0),(4,50,'2025-02-13 13:00:00',0),(4,51,'2025-02-13 13:00:00',0),(4,52,'2025-02-13 13:00:00',0),(4,53,'2025-02-13 13:00:00',0),(4,54,'2025-02-13 13:00:00',1),(4,55,'2025-02-13 13:00:00',0),(4,56,'2025-02-13 13:00:00',1),(4,57,'2025-02-13 13:00:00',0),(4,58,'2025-02-13 13:00:00',0),(4,59,'2025-02-13 13:00:00',0),(4,60,'2025-02-13 13:00:00',1),(4,61,'2025-02-13 13:00:00',1),(4,62,'2025-02-13 13:00:00',1),(4,63,'2025-02-13 13:00:00',0),(4,64,'2025-02-13 13:00:00',0),(4,65,'2025-02-13 13:00:00',0),(4,66,'2025-02-13 13:00:00',1),(4,67,'2025-02-13 13:00:00',0),(4,68,'2025-02-13 13:00:00',0),(4,69,'2025-02-13 13:00:00',1),(4,70,'2025-02-13 13:00:00',0),(4,71,'2025-02-13 13:00:00',0),(4,72,'2025-02-13 13:00:00',0),(4,73,'2025-02-13 13:00:00',0),(4,74,'2025-02-13 13:00:00',0),(4,75,'2025-02-13 13:00:00',0),(4,76,'2025-02-13 13:00:00',0),(4,77,'2025-02-13 13:00:00',0),(4,78,'2025-02-13 13:00:00',0),(4,79,'2025-02-13 13:00:00',1),(4,80,'2025-02-13 13:00:00',0),(4,81,'2025-02-13 13:00:00',0),(4,82,'2025-02-13 13:00:00',0),(4,83,'2025-02-13 13:00:00',0),(4,84,'2025-02-13 13:00:00',0),(4,85,'2025-02-13 13:00:00',1),(4,86,'2025-02-13 13:00:00',1),(4,87,'2025-02-13 13:00:00',1),(4,88,'2025-02-13 13:00:00',1),(4,89,'2025-02-13 13:00:00',1),(4,90,'2025-02-13 13:00:00',0),(4,91,'2025-02-13 13:00:00',1),(4,92,'2025-02-13 13:00:00',1),(4,93,'2025-02-13 13:00:00',0),(5,1,'2025-02-13 14:00:00',0),(5,2,'2025-02-13 14:00:00',0),(5,3,'2025-02-13 14:00:00',1),(5,4,'2025-02-13 14:00:00',1),(5,5,'2025-02-13 14:00:00',0),(5,6,'2025-02-13 14:00:00',1),(5,7,'2025-02-13 14:00:00',1),(5,8,'2025-02-13 14:00:00',1),(5,9,'2025-02-13 14:00:00',1),(5,10,'2025-02-13 14:00:00',0),(5,11,'2025-02-13 14:00:00',0),(5,12,'2025-02-13 14:00:00',0),(5,13,'2025-02-13 14:00:00',0),(5,14,'2025-02-13 14:00:00',0),(5,15,'2025-02-13 14:00:00',0),(5,16,'2025-02-13 14:00:00',0),(5,17,'2025-02-13 14:00:00',0),(5,18,'2025-02-13 14:00:00',1),(5,19,'2025-02-13 14:00:00',0),(5,20,'2025-02-13 14:00:00',0),(5,21,'2025-02-13 14:00:00',1),(5,22,'2025-02-13 14:00:00',0),(5,23,'2025-02-13 14:00:00',1),(5,24,'2025-02-13 14:00:00',1),(5,25,'2025-02-13 14:00:00',0),(5,26,'2025-02-13 14:00:00',0),(5,27,'2025-02-13 14:00:00',0),(5,28,'2025-02-13 14:00:00',0),(5,29,'2025-02-13 14:00:00',0),(5,30,'2025-02-13 14:00:00',0),(5,31,'2025-02-13 14:00:00',1),(5,32,'2025-02-13 14:00:00',0),(5,33,'2025-02-13 14:00:00',0),(5,34,'2025-02-13 14:00:00',0),(5,35,'2025-02-13 14:00:00',0),(5,36,'2025-02-13 14:00:00',0),(5,37,'2025-02-13 14:00:00',0),(5,38,'2025-02-13 14:00:00',0),(5,39,'2025-02-13 14:00:00',0),(5,40,'2025-02-13 14:00:00',0),(5,41,'2025-02-13 14:00:00',1),(5,42,'2025-02-13 14:00:00',0),(5,43,'2025-02-13 14:00:00',1),(5,44,'2025-02-13 14:00:00',1),(5,45,'2025-02-13 14:00:00',1),(5,46,'2025-02-13 14:00:00',0),(5,47,'2025-02-13 14:00:00',0),(5,48,'2025-02-13 14:00:00',0),(5,49,'2025-02-13 14:00:00',0),(5,50,'2025-02-13 14:00:00',0),(5,51,'2025-02-13 14:00:00',0),(5,52,'2025-02-13 14:00:00',1),(5,53,'2025-02-13 14:00:00',0),(5,54,'2025-02-13 14:00:00',1),(5,55,'2025-02-13 14:00:00',0),(5,56,'2025-02-13 14:00:00',0),(5,57,'2025-02-13 14:00:00',0),(5,58,'2025-02-13 14:00:00',0),(5,59,'2025-02-13 14:00:00',0),(5,60,'2025-02-13 14:00:00',0),(5,61,'2025-02-13 14:00:00',0),(5,62,'2025-02-13 14:00:00',0),(5,63,'2025-02-13 14:00:00',0),(5,64,'2025-02-13 14:00:00',0),(5,65,'2025-02-13 14:00:00',1),(5,66,'2025-02-13 14:00:00',1),(5,67,'2025-02-13 14:00:00',0),(5,68,'2025-02-13 14:00:00',0),(5,69,'2025-02-13 14:00:00',0),(5,70,'2025-02-13 14:00:00',1),(5,71,'2025-02-13 14:00:00',0),(5,72,'2025-02-13 14:00:00',0),(5,73,'2025-02-13 14:00:00',0),(5,74,'2025-02-13 14:00:00',1),(5,75,'2025-02-13 14:00:00',0),(5,76,'2025-02-13 14:00:00',0),(5,77,'2025-02-13 14:00:00',0),(5,78,'2025-02-13 14:00:00',0),(5,79,'2025-02-13 14:00:00',0),(5,80,'2025-02-13 14:00:00',0),(5,81,'2025-02-13 14:00:00',0),(5,82,'2025-02-13 14:00:00',0),(5,83,'2025-02-13 14:00:00',1),(5,84,'2025-02-13 14:00:00',0),(5,85,'2025-02-13 14:00:00',1),(5,86,'2025-02-13 14:00:00',0),(5,87,'2025-02-13 14:00:00',0),(5,88,'2025-02-13 14:00:00',0),(5,89,'2025-02-13 14:00:00',1),(5,90,'2025-02-13 14:00:00',0),(5,91,'2025-02-13 14:00:00',0),(5,92,'2025-02-13 14:00:00',1),(5,93,'2025-02-13 14:00:00',0),(6,1,'2025-02-13 15:00:00',1),(6,2,'2025-02-13 15:00:00',1),(6,3,'2025-02-13 15:00:00',1),(6,4,'2025-02-13 15:00:00',0),(6,5,'2025-02-13 15:00:00',0),(6,6,'2025-02-13 15:00:00',0),(6,7,'2025-02-13 15:00:00',0),(6,8,'2025-02-13 15:00:00',0),(6,9,'2025-02-13 15:00:00',0),(6,10,'2025-02-13 15:00:00',1),(6,11,'2025-02-13 15:00:00',1),(6,12,'2025-02-13 15:00:00',1),(6,13,'2025-02-13 15:00:00',1),(6,14,'2025-02-13 15:00:00',1),(6,15,'2025-02-13 15:00:00',0),(6,16,'2025-02-13 15:00:00',1),(6,17,'2025-02-13 15:00:00',0),(6,18,'2025-02-13 15:00:00',0),(6,19,'2025-02-13 15:00:00',1),(6,20,'2025-02-13 15:00:00',0),(6,21,'2025-02-13 15:00:00',1),(6,22,'2025-02-13 15:00:00',0),(6,23,'2025-02-13 15:00:00',0),(6,24,'2025-02-13 15:00:00',0),(6,25,'2025-02-13 15:00:00',0),(6,26,'2025-02-13 15:00:00',0),(6,27,'2025-02-13 15:00:00',0),(6,28,'2025-02-13 15:00:00',1),(6,29,'2025-02-13 15:00:00',1),(6,30,'2025-02-13 15:00:00',0),(6,31,'2025-02-13 15:00:00',0),(6,32,'2025-02-13 15:00:00',1),(6,33,'2025-02-13 15:00:00',0),(6,34,'2025-02-13 15:00:00',0),(6,35,'2025-02-13 15:00:00',0),(6,36,'2025-02-13 15:00:00',0),(6,37,'2025-02-13 15:00:00',0),(6,38,'2025-02-13 15:00:00',0),(6,39,'2025-02-13 15:00:00',0),(6,40,'2025-02-13 15:00:00',1),(6,41,'2025-02-13 15:00:00',0),(6,42,'2025-02-13 15:00:00',0),(6,43,'2025-02-13 15:00:00',0),(6,44,'2025-02-13 15:00:00',0),(6,45,'2025-02-13 15:00:00',0),(6,46,'2025-02-13 15:00:00',0),(6,47,'2025-02-13 15:00:00',0),(6,48,'2025-02-13 15:00:00',0),(6,49,'2025-02-13 15:00:00',0),(6,50,'2025-02-13 15:00:00',1),(6,51,'2025-02-13 15:00:00',0),(6,52,'2025-02-13 15:00:00',0),(6,53,'2025-02-13 15:00:00',0),(6,54,'2025-02-13 15:00:00',0),(6,55,'2025-02-13 15:00:00',1),(6,56,'2025-02-13 15:00:00',0),(6,57,'2025-02-13 15:00:00',0),(6,58,'2025-02-13 15:00:00',0),(6,59,'2025-02-13 15:00:00',1),(6,60,'2025-02-13 15:00:00',0),(6,61,'2025-02-13 15:00:00',0),(6,62,'2025-02-13 15:00:00',0),(6,63,'2025-02-13 15:00:00',0),(6,64,'2025-02-13 15:00:00',0),(6,65,'2025-02-13 15:00:00',0),(6,66,'2025-02-13 15:00:00',1),(6,67,'2025-02-13 15:00:00',1),(6,68,'2025-02-13 15:00:00',0),(6,69,'2025-02-13 15:00:00',0),(6,70,'2025-02-13 15:00:00',0),(6,71,'2025-02-13 15:00:00',1),(6,72,'2025-02-13 15:00:00',0),(6,73,'2025-02-13 15:00:00',0),(6,74,'2025-02-13 15:00:00',0),(6,75,'2025-02-13 15:00:00',0),(6,76,'2025-02-13 15:00:00',0),(6,77,'2025-02-13 15:00:00',0),(6,78,'2025-02-13 15:00:00',0),(6,79,'2025-02-13 15:00:00',0),(6,80,'2025-02-13 15:00:00',1),(6,81,'2025-02-13 15:00:00',0),(6,82,'2025-02-13 15:00:00',0),(6,83,'2025-02-13 15:00:00',0),(6,84,'2025-02-13 15:00:00',1),(6,85,'2025-02-13 15:00:00',1),(6,86,'2025-02-13 15:00:00',0),(6,87,'2025-02-13 15:00:00',0),(6,88,'2025-02-13 15:00:00',0),(6,89,'2025-02-13 15:00:00',1),(6,90,'2025-02-13 15:00:00',0),(6,91,'2025-02-13 15:00:00',0),(6,92,'2025-02-13 15:00:00',0),(6,93,'2025-02-13 15:00:00',0),(7,1,'2025-02-13 16:00:00',1),(7,2,'2025-02-13 16:00:00',0),(7,3,'2025-02-13 16:00:00',0),(7,4,'2025-02-13 16:00:00',0),(7,5,'2025-02-13 16:00:00',0),(7,6,'2025-02-13 16:00:00',0),(7,7,'2025-02-13 16:00:00',0),(7,8,'2025-02-13 16:00:00',0),(7,9,'2025-02-13 16:00:00',1),(7,10,'2025-02-13 16:00:00',1),(7,11,'2025-02-13 16:00:00',0),(7,12,'2025-02-13 16:00:00',0),(7,13,'2025-02-13 16:00:00',0),(7,14,'2025-02-13 16:00:00',0),(7,15,'2025-02-13 16:00:00',0),(7,16,'2025-02-13 16:00:00',0),(7,17,'2025-02-13 16:00:00',0),(7,18,'2025-02-13 16:00:00',0),(7,19,'2025-02-13 16:00:00',0),(7,20,'2025-02-13 16:00:00',0),(7,21,'2025-02-13 16:00:00',0),(7,22,'2025-02-13 16:00:00',0),(7,23,'2025-02-13 16:00:00',0),(7,24,'2025-02-13 16:00:00',0),(7,25,'2025-02-13 16:00:00',0),(7,26,'2025-02-13 16:00:00',0),(7,27,'2025-02-13 16:00:00',0),(7,28,'2025-02-13 16:00:00',1),(7,29,'2025-02-13 16:00:00',0),(7,30,'2025-02-13 16:00:00',0),(7,31,'2025-02-13 16:00:00',1),(7,32,'2025-02-13 16:00:00',0),(7,33,'2025-02-13 16:00:00',1),(7,34,'2025-02-13 16:00:00',1),(7,35,'2025-02-13 16:00:00',0),(7,36,'2025-02-13 16:00:00',0),(7,37,'2025-02-13 16:00:00',0),(7,38,'2025-02-13 16:00:00',0),(7,39,'2025-02-13 16:00:00',0),(7,40,'2025-02-13 16:00:00',1),(7,41,'2025-02-13 16:00:00',0),(7,42,'2025-02-13 16:00:00',0),(7,43,'2025-02-13 16:00:00',0),(7,44,'2025-02-13 16:00:00',0),(7,45,'2025-02-13 16:00:00',1),(7,46,'2025-02-13 16:00:00',0),(7,47,'2025-02-13 16:00:00',0),(7,48,'2025-02-13 16:00:00',0),(7,49,'2025-02-13 16:00:00',0),(7,50,'2025-02-13 16:00:00',1),(7,51,'2025-02-13 16:00:00',0),(7,52,'2025-02-13 16:00:00',0),(7,53,'2025-02-13 16:00:00',0),(7,54,'2025-02-13 16:00:00',0),(7,55,'2025-02-13 16:00:00',1),(7,56,'2025-02-13 16:00:00',0),(7,57,'2025-02-13 16:00:00',0),(7,58,'2025-02-13 16:00:00',1),(7,59,'2025-02-13 16:00:00',1),(7,60,'2025-02-13 16:00:00',0),(7,61,'2025-02-13 16:00:00',1),(7,62,'2025-02-13 16:00:00',0),(7,63,'2025-02-13 16:00:00',0),(7,64,'2025-02-13 16:00:00',1),(7,65,'2025-02-13 16:00:00',0),(7,66,'2025-02-13 16:00:00',1),(7,67,'2025-02-13 16:00:00',0),(7,68,'2025-02-13 16:00:00',0),(7,69,'2025-02-13 16:00:00',1),(7,70,'2025-02-13 16:00:00',1),(7,71,'2025-02-13 16:00:00',1),(7,72,'2025-02-13 16:00:00',1),(7,73,'2025-02-13 16:00:00',0),(7,74,'2025-02-13 16:00:00',0),(7,75,'2025-02-13 16:00:00',1),(7,76,'2025-02-13 16:00:00',0),(7,77,'2025-02-13 16:00:00',0),(7,78,'2025-02-13 16:00:00',1),(7,79,'2025-02-13 16:00:00',1),(7,80,'2025-02-13 16:00:00',0),(7,81,'2025-02-13 16:00:00',1),(7,82,'2025-02-13 16:00:00',0),(7,83,'2025-02-13 16:00:00',0),(7,84,'2025-02-13 16:00:00',0),(7,85,'2025-02-13 16:00:00',0),(7,86,'2025-02-13 16:00:00',0),(7,87,'2025-02-13 16:00:00',0),(7,88,'2025-02-13 16:00:00',0),(7,89,'2025-02-13 16:00:00',1),(7,90,'2025-02-13 16:00:00',0),(7,91,'2025-02-13 16:00:00',0),(7,92,'2025-02-13 16:00:00',0),(7,93,'2025-02-13 16:00:00',0),(8,1,'2025-02-14 10:00:00',0),(8,2,'2025-02-14 10:00:00',0),(8,3,'2025-02-14 10:00:00',0),(8,4,'2025-02-14 10:00:00',0),(8,5,'2025-02-14 10:00:00',1),(8,6,'2025-02-14 10:00:00',0),(8,7,'2025-02-14 10:00:00',1),(8,8,'2025-02-14 10:00:00',0),(8,9,'2025-02-14 10:00:00',0),(8,10,'2025-02-14 10:00:00',0),(8,11,'2025-02-14 10:00:00',1),(8,12,'2025-02-14 10:00:00',0),(8,13,'2025-02-14 10:00:00',0),(8,14,'2025-02-14 10:00:00',0),(8,15,'2025-02-14 10:00:00',0),(8,16,'2025-02-14 10:00:00',1),(8,17,'2025-02-14 10:00:00',1),(8,18,'2025-02-14 10:00:00',0),(8,19,'2025-02-14 10:00:00',0),(8,20,'2025-02-14 10:00:00',1),(8,21,'2025-02-14 10:00:00',0),(8,22,'2025-02-14 10:00:00',1),(8,23,'2025-02-14 10:00:00',1),(8,24,'2025-02-14 10:00:00',1),(8,25,'2025-02-14 10:00:00',0),(8,26,'2025-02-14 10:00:00',1),(8,27,'2025-02-14 10:00:00',0),(8,28,'2025-02-14 10:00:00',0),(8,29,'2025-02-14 10:00:00',0),(8,30,'2025-02-14 10:00:00',0),(8,31,'2025-02-14 10:00:00',1),(8,32,'2025-02-14 10:00:00',0),(8,33,'2025-02-14 10:00:00',1),(8,34,'2025-02-14 10:00:00',1),(8,35,'2025-02-14 10:00:00',1),(8,36,'2025-02-14 10:00:00',1),(8,37,'2025-02-14 10:00:00',0),(8,38,'2025-02-14 10:00:00',0),(8,39,'2025-02-14 10:00:00',0),(8,40,'2025-02-14 10:00:00',1),(8,41,'2025-02-14 10:00:00',0),(8,42,'2025-02-14 10:00:00',0),(8,43,'2025-02-14 10:00:00',0),(8,44,'2025-02-14 10:00:00',0),(8,45,'2025-02-14 10:00:00',0),(8,46,'2025-02-14 10:00:00',0),(8,47,'2025-02-14 10:00:00',0),(8,48,'2025-02-14 10:00:00',0),(8,49,'2025-02-14 10:00:00',1),(8,50,'2025-02-14 10:00:00',0),(8,51,'2025-02-14 10:00:00',1),(8,52,'2025-02-14 10:00:00',0),(8,53,'2025-02-14 10:00:00',0),(8,54,'2025-02-14 10:00:00',0),(8,55,'2025-02-14 10:00:00',0),(8,56,'2025-02-14 10:00:00',0),(8,57,'2025-02-14 10:00:00',0),(8,58,'2025-02-14 10:00:00',0),(8,59,'2025-02-14 10:00:00',0),(8,60,'2025-02-14 10:00:00',0),(8,61,'2025-02-14 10:00:00',0),(8,62,'2025-02-14 10:00:00',1),(8,63,'2025-02-14 10:00:00',0),(8,64,'2025-02-14 10:00:00',0),(8,65,'2025-02-14 10:00:00',0),(8,66,'2025-02-14 10:00:00',1),(8,67,'2025-02-14 10:00:00',0),(8,68,'2025-02-14 10:00:00',0),(8,69,'2025-02-14 10:00:00',0),(8,70,'2025-02-14 10:00:00',0),(8,71,'2025-02-14 10:00:00',0),(8,72,'2025-02-14 10:00:00',0),(8,73,'2025-02-14 10:00:00',0),(8,74,'2025-02-14 10:00:00',1),(8,75,'2025-02-14 10:00:00',0),(8,76,'2025-02-14 10:00:00',0),(8,77,'2025-02-14 10:00:00',0),(8,78,'2025-02-14 10:00:00',1),(8,79,'2025-02-14 10:00:00',0),(8,80,'2025-02-14 10:00:00',1),(8,81,'2025-02-14 10:00:00',0),(8,82,'2025-02-14 10:00:00',0),(8,83,'2025-02-14 10:00:00',0),(8,84,'2025-02-14 10:00:00',0),(8,85,'2025-02-14 10:00:00',0),(8,86,'2025-02-14 10:00:00',0),(8,87,'2025-02-14 10:00:00',1),(8,88,'2025-02-14 10:00:00',0),(8,89,'2025-02-14 10:00:00',0),(8,90,'2025-02-14 10:00:00',0),(8,91,'2025-02-14 10:00:00',0),(8,92,'2025-02-14 10:00:00',1),(8,93,'2025-02-14 10:00:00',0),(9,1,'2025-02-14 11:00:00',0),(9,2,'2025-02-14 11:00:00',0),(9,3,'2025-02-14 11:00:00',1),(9,4,'2025-02-14 11:00:00',0),(9,5,'2025-02-14 11:00:00',0),(9,6,'2025-02-14 11:00:00',1),(9,7,'2025-02-14 11:00:00',0),(9,8,'2025-02-14 11:00:00',0),(9,9,'2025-02-14 11:00:00',0),(9,10,'2025-02-14 11:00:00',1),(9,11,'2025-02-14 11:00:00',1),(9,12,'2025-02-14 11:00:00',0),(9,13,'2025-02-14 11:00:00',0),(9,14,'2025-02-14 11:00:00',0),(9,15,'2025-02-14 11:00:00',0),(9,16,'2025-02-14 11:00:00',0),(9,17,'2025-02-14 11:00:00',0),(9,18,'2025-02-14 11:00:00',0),(9,19,'2025-02-14 11:00:00',0),(9,20,'2025-02-14 11:00:00',0),(9,21,'2025-02-14 11:00:00',1),(9,22,'2025-02-14 11:00:00',1),(9,23,'2025-02-14 11:00:00',0),(9,24,'2025-02-14 11:00:00',0),(9,25,'2025-02-14 11:00:00',1),(9,26,'2025-02-14 11:00:00',1),(9,27,'2025-02-14 11:00:00',0),(9,28,'2025-02-14 11:00:00',0),(9,29,'2025-02-14 11:00:00',0),(9,30,'2025-02-14 11:00:00',0),(9,31,'2025-02-14 11:00:00',0),(9,32,'2025-02-14 11:00:00',0),(9,33,'2025-02-14 11:00:00',0),(9,34,'2025-02-14 11:00:00',0),(9,35,'2025-02-14 11:00:00',0),(9,36,'2025-02-14 11:00:00',0),(9,37,'2025-02-14 11:00:00',0),(9,38,'2025-02-14 11:00:00',1),(9,39,'2025-02-14 11:00:00',1),(9,40,'2025-02-14 11:00:00',0),(9,41,'2025-02-14 11:00:00',1),(9,42,'2025-02-14 11:00:00',0),(9,43,'2025-02-14 11:00:00',0),(9,44,'2025-02-14 11:00:00',0),(9,45,'2025-02-14 11:00:00',1),(9,46,'2025-02-14 11:00:00',0),(9,47,'2025-02-14 11:00:00',0),(9,48,'2025-02-14 11:00:00',1),(9,49,'2025-02-14 11:00:00',0),(9,50,'2025-02-14 11:00:00',0),(9,51,'2025-02-14 11:00:00',0),(9,52,'2025-02-14 11:00:00',0),(9,53,'2025-02-14 11:00:00',0),(9,54,'2025-02-14 11:00:00',0),(9,55,'2025-02-14 11:00:00',0),(9,56,'2025-02-14 11:00:00',1),(9,57,'2025-02-14 11:00:00',0),(9,58,'2025-02-14 11:00:00',0),(9,59,'2025-02-14 11:00:00',1),(9,60,'2025-02-14 11:00:00',0),(9,61,'2025-02-14 11:00:00',0),(9,62,'2025-02-14 11:00:00',1),(9,63,'2025-02-14 11:00:00',0),(9,64,'2025-02-14 11:00:00',0),(9,65,'2025-02-14 11:00:00',1),(9,66,'2025-02-14 11:00:00',0),(9,67,'2025-02-14 11:00:00',1),(9,68,'2025-02-14 11:00:00',0),(9,69,'2025-02-14 11:00:00',0),(9,70,'2025-02-14 11:00:00',0),(9,71,'2025-02-14 11:00:00',1),(9,72,'2025-02-14 11:00:00',0),(9,73,'2025-02-14 11:00:00',0),(9,74,'2025-02-14 11:00:00',0),(9,75,'2025-02-14 11:00:00',0),(9,76,'2025-02-14 11:00:00',0),(9,77,'2025-02-14 11:00:00',0),(9,78,'2025-02-14 11:00:00',0),(9,79,'2025-02-14 11:00:00',0),(9,80,'2025-02-14 11:00:00',0),(9,81,'2025-02-14 11:00:00',1),(9,82,'2025-02-14 11:00:00',1),(9,83,'2025-02-14 11:00:00',0),(9,84,'2025-02-14 11:00:00',0),(9,85,'2025-02-14 11:00:00',0),(9,86,'2025-02-14 11:00:00',0),(9,87,'2025-02-14 11:00:00',1),(9,88,'2025-02-14 11:00:00',1),(9,89,'2025-02-14 11:00:00',0),(9,90,'2025-02-14 11:00:00',0),(9,91,'2025-02-14 11:00:00',1),(9,92,'2025-02-14 11:00:00',1),(9,93,'2025-02-14 11:00:00',0),(10,1,'2025-02-14 12:00:00',0),(10,2,'2025-02-14 12:00:00',0),(10,3,'2025-02-14 12:00:00',0),(10,4,'2025-02-14 12:00:00',1),(10,5,'2025-02-14 12:00:00',1),(10,6,'2025-02-14 12:00:00',0),(10,7,'2025-02-14 12:00:00',1),(10,8,'2025-02-14 12:00:00',0),(10,9,'2025-02-14 12:00:00',0),(10,10,'2025-02-14 12:00:00',0),(10,11,'2025-02-14 12:00:00',0),(10,12,'2025-02-14 12:00:00',1),(10,13,'2025-02-14 12:00:00',1),(10,14,'2025-02-14 12:00:00',0),(10,15,'2025-02-14 12:00:00',0),(10,16,'2025-02-14 12:00:00',1),(10,17,'2025-02-14 12:00:00',1),(10,18,'2025-02-14 12:00:00',0),(10,19,'2025-02-14 12:00:00',0),(10,20,'2025-02-14 12:00:00',0),(10,21,'2025-02-14 12:00:00',1),(10,22,'2025-02-14 12:00:00',0),(10,23,'2025-02-14 12:00:00',0),(10,24,'2025-02-14 12:00:00',0),(10,25,'2025-02-14 12:00:00',0),(10,26,'2025-02-14 12:00:00',1),(10,27,'2025-02-14 12:00:00',0),(10,28,'2025-02-14 12:00:00',1),(10,29,'2025-02-14 12:00:00',1),(10,30,'2025-02-14 12:00:00',0),(10,31,'2025-02-14 12:00:00',0),(10,32,'2025-02-14 12:00:00',0),(10,33,'2025-02-14 12:00:00',0),(10,34,'2025-02-14 12:00:00',1),(10,35,'2025-02-14 12:00:00',0),(10,36,'2025-02-14 12:00:00',0),(10,37,'2025-02-14 12:00:00',1),(10,38,'2025-02-14 12:00:00',0),(10,39,'2025-02-14 12:00:00',0),(10,40,'2025-02-14 12:00:00',0),(10,41,'2025-02-14 12:00:00',0),(10,42,'2025-02-14 12:00:00',0),(10,43,'2025-02-14 12:00:00',0),(10,44,'2025-02-14 12:00:00',0),(10,45,'2025-02-14 12:00:00',0),(10,46,'2025-02-14 12:00:00',1),(10,47,'2025-02-14 12:00:00',0),(10,48,'2025-02-14 12:00:00',0),(10,49,'2025-02-14 12:00:00',1),(10,50,'2025-02-14 12:00:00',0),(10,51,'2025-02-14 12:00:00',0),(10,52,'2025-02-14 12:00:00',0),(10,53,'2025-02-14 12:00:00',1),(10,54,'2025-02-14 12:00:00',1),(10,55,'2025-02-14 12:00:00',0),(10,56,'2025-02-14 12:00:00',0),(10,57,'2025-02-14 12:00:00',1),(10,58,'2025-02-14 12:00:00',1),(10,59,'2025-02-14 12:00:00',0),(10,60,'2025-02-14 12:00:00',0),(10,61,'2025-02-14 12:00:00',0),(10,62,'2025-02-14 12:00:00',1),(10,63,'2025-02-14 12:00:00',0),(10,64,'2025-02-14 12:00:00',0),(10,65,'2025-02-14 12:00:00',0),(10,66,'2025-02-14 12:00:00',0),(10,67,'2025-02-14 12:00:00',0),(10,68,'2025-02-14 12:00:00',0),(10,69,'2025-02-14 12:00:00',1),(10,70,'2025-02-14 12:00:00',0),(10,71,'2025-02-14 12:00:00',0),(10,72,'2025-02-14 12:00:00',1),(10,73,'2025-02-14 12:00:00',0),(10,74,'2025-02-14 12:00:00',0),(10,75,'2025-02-14 12:00:00',1),(10,76,'2025-02-14 12:00:00',0),(10,77,'2025-02-14 12:00:00',0),(10,78,'2025-02-14 12:00:00',0),(10,79,'2025-02-14 12:00:00',0),(10,80,'2025-02-14 12:00:00',0),(10,81,'2025-02-14 12:00:00',1),(10,82,'2025-02-14 12:00:00',0),(10,83,'2025-02-14 12:00:00',1),(10,84,'2025-02-14 12:00:00',0),(10,85,'2025-02-14 12:00:00',0),(10,86,'2025-02-14 12:00:00',0),(10,87,'2025-02-14 12:00:00',0),(10,88,'2025-02-14 12:00:00',0),(10,89,'2025-02-14 12:00:00',0),(10,90,'2025-02-14 12:00:00',0),(10,91,'2025-02-14 12:00:00',0),(10,92,'2025-02-14 12:00:00',0),(10,93,'2025-02-14 12:00:00',0),(11,1,'2025-02-14 13:00:00',0),(11,2,'2025-02-14 13:00:00',0),(11,3,'2025-02-14 13:00:00',0),(11,4,'2025-02-14 13:00:00',0),(11,5,'2025-02-14 13:00:00',0),(11,6,'2025-02-14 13:00:00',0),(11,7,'2025-02-14 13:00:00',1),(11,8,'2025-02-14 13:00:00',1),(11,9,'2025-02-14 13:00:00',1),(11,10,'2025-02-14 13:00:00',0),(11,11,'2025-02-14 13:00:00',0),(11,12,'2025-02-14 13:00:00',1),(11,13,'2025-02-14 13:00:00',0),(11,14,'2025-02-14 13:00:00',0),(11,15,'2025-02-14 13:00:00',0),(11,16,'2025-02-14 13:00:00',0),(11,17,'2025-02-14 13:00:00',0),(11,18,'2025-02-14 13:00:00',0),(11,19,'2025-02-14 13:00:00',1),(11,20,'2025-02-14 13:00:00',0),(11,21,'2025-02-14 13:00:00',1),(11,22,'2025-02-14 13:00:00',0),(11,23,'2025-02-14 13:00:00',0),(11,24,'2025-02-14 13:00:00',0),(11,25,'2025-02-14 13:00:00',0),(11,26,'2025-02-14 13:00:00',0),(11,27,'2025-02-14 13:00:00',0),(11,28,'2025-02-14 13:00:00',0),(11,29,'2025-02-14 13:00:00',0),(11,30,'2025-02-14 13:00:00',0),(11,31,'2025-02-14 13:00:00',0),(11,32,'2025-02-14 13:00:00',0),(11,33,'2025-02-14 13:00:00',0),(11,34,'2025-02-14 13:00:00',0),(11,35,'2025-02-14 13:00:00',1),(11,36,'2025-02-14 13:00:00',0),(11,37,'2025-02-14 13:00:00',1),(11,38,'2025-02-14 13:00:00',1),(11,39,'2025-02-14 13:00:00',0),(11,40,'2025-02-14 13:00:00',1),(11,41,'2025-02-14 13:00:00',0),(11,42,'2025-02-14 13:00:00',0),(11,43,'2025-02-14 13:00:00',0),(11,44,'2025-02-14 13:00:00',0),(11,45,'2025-02-14 13:00:00',0),(11,46,'2025-02-14 13:00:00',0),(11,47,'2025-02-14 13:00:00',0),(11,48,'2025-02-14 13:00:00',0),(11,49,'2025-02-14 13:00:00',0),(11,50,'2025-02-14 13:00:00',1),(11,51,'2025-02-14 13:00:00',0),(11,52,'2025-02-14 13:00:00',1),(11,53,'2025-02-14 13:00:00',0),(11,54,'2025-02-14 13:00:00',1),(11,55,'2025-02-14 13:00:00',1),(11,56,'2025-02-14 13:00:00',0),(11,57,'2025-02-14 13:00:00',0),(11,58,'2025-02-14 13:00:00',0),(11,59,'2025-02-14 13:00:00',0),(11,60,'2025-02-14 13:00:00',0),(11,61,'2025-02-14 13:00:00',1),(11,62,'2025-02-14 13:00:00',0),(11,63,'2025-02-14 13:00:00',0),(11,64,'2025-02-14 13:00:00',0),(11,65,'2025-02-14 13:00:00',0),(11,66,'2025-02-14 13:00:00',1),(11,67,'2025-02-14 13:00:00',0),(11,68,'2025-02-14 13:00:00',0),(11,69,'2025-02-14 13:00:00',0),(11,70,'2025-02-14 13:00:00',0),(11,71,'2025-02-14 13:00:00',1),(11,72,'2025-02-14 13:00:00',1),(11,73,'2025-02-14 13:00:00',0),(11,74,'2025-02-14 13:00:00',1),(11,75,'2025-02-14 13:00:00',1),(11,76,'2025-02-14 13:00:00',0),(11,77,'2025-02-14 13:00:00',1),(11,78,'2025-02-14 13:00:00',0),(11,79,'2025-02-14 13:00:00',0),(11,80,'2025-02-14 13:00:00',0),(11,81,'2025-02-14 13:00:00',0),(11,82,'2025-02-14 13:00:00',0),(11,83,'2025-02-14 13:00:00',0),(11,84,'2025-02-14 13:00:00',0),(11,85,'2025-02-14 13:00:00',0),(11,86,'2025-02-14 13:00:00',0),(11,87,'2025-02-14 13:00:00',0),(11,88,'2025-02-14 13:00:00',1),(11,89,'2025-02-14 13:00:00',1),(11,90,'2025-02-14 13:00:00',0),(11,91,'2025-02-14 13:00:00',1),(11,92,'2025-02-14 13:00:00',0),(11,93,'2025-02-14 13:00:00',1),(12,1,'2025-02-14 14:00:00',0),(12,2,'2025-02-14 14:00:00',0),(12,3,'2025-02-14 14:00:00',0),(12,4,'2025-02-14 14:00:00',1),(12,5,'2025-02-14 14:00:00',0),(12,6,'2025-02-14 14:00:00',1),(12,7,'2025-02-14 14:00:00',0),(12,8,'2025-02-14 14:00:00',0),(12,9,'2025-02-14 14:00:00',1),(12,10,'2025-02-14 14:00:00',0),(12,11,'2025-02-14 14:00:00',1),(12,12,'2025-02-14 14:00:00',0),(12,13,'2025-02-14 14:00:00',0),(12,14,'2025-02-14 14:00:00',0),(12,15,'2025-02-14 14:00:00',1),(12,16,'2025-02-14 14:00:00',0),(12,17,'2025-02-14 14:00:00',0),(12,18,'2025-02-14 14:00:00',0),(12,19,'2025-02-14 14:00:00',0),(12,20,'2025-02-14 14:00:00',0),(12,21,'2025-02-14 14:00:00',0),(12,22,'2025-02-14 14:00:00',0),(12,23,'2025-02-14 14:00:00',0),(12,24,'2025-02-14 14:00:00',0),(12,25,'2025-02-14 14:00:00',0),(12,26,'2025-02-14 14:00:00',1),(12,27,'2025-02-14 14:00:00',1),(12,28,'2025-02-14 14:00:00',0),(12,29,'2025-02-14 14:00:00',0),(12,30,'2025-02-14 14:00:00',0),(12,31,'2025-02-14 14:00:00',0),(12,32,'2025-02-14 14:00:00',0),(12,33,'2025-02-14 14:00:00',0),(12,34,'2025-02-14 14:00:00',0),(12,35,'2025-02-14 14:00:00',0),(12,36,'2025-02-14 14:00:00',0),(12,37,'2025-02-14 14:00:00',0),(12,38,'2025-02-14 14:00:00',1),(12,39,'2025-02-14 14:00:00',1),(12,40,'2025-02-14 14:00:00',1),(12,41,'2025-02-14 14:00:00',0),(12,42,'2025-02-14 14:00:00',0),(12,43,'2025-02-14 14:00:00',0),(12,44,'2025-02-14 14:00:00',0),(12,45,'2025-02-14 14:00:00',0),(12,46,'2025-02-14 14:00:00',1),(12,47,'2025-02-14 14:00:00',1),(12,48,'2025-02-14 14:00:00',0),(12,49,'2025-02-14 14:00:00',1),(12,50,'2025-02-14 14:00:00',0),(12,51,'2025-02-14 14:00:00',0),(12,52,'2025-02-14 14:00:00',0),(12,53,'2025-02-14 14:00:00',0),(12,54,'2025-02-14 14:00:00',0),(12,55,'2025-02-14 14:00:00',0),(12,56,'2025-02-14 14:00:00',0),(12,57,'2025-02-14 14:00:00',0),(12,58,'2025-02-14 14:00:00',0),(12,59,'2025-02-14 14:00:00',0),(12,60,'2025-02-14 14:00:00',1),(12,61,'2025-02-14 14:00:00',1),(12,62,'2025-02-14 14:00:00',0),(12,63,'2025-02-14 14:00:00',0),(12,64,'2025-02-14 14:00:00',0),(12,65,'2025-02-14 14:00:00',1),(12,66,'2025-02-14 14:00:00',1),(12,67,'2025-02-14 14:00:00',0),(12,68,'2025-02-14 14:00:00',0),(12,69,'2025-02-14 14:00:00',1),(12,70,'2025-02-14 14:00:00',1),(12,71,'2025-02-14 14:00:00',0),(12,72,'2025-02-14 14:00:00',0),(12,73,'2025-02-14 14:00:00',0),(12,74,'2025-02-14 14:00:00',0),(12,75,'2025-02-14 14:00:00',0),(12,76,'2025-02-14 14:00:00',0),(12,77,'2025-02-14 14:00:00',0),(12,78,'2025-02-14 14:00:00',1),(12,79,'2025-02-14 14:00:00',1),(12,80,'2025-02-14 14:00:00',1),(12,81,'2025-02-14 14:00:00',0),(12,82,'2025-02-14 14:00:00',1),(12,83,'2025-02-14 14:00:00',0),(12,84,'2025-02-14 14:00:00',0),(12,85,'2025-02-14 14:00:00',0),(12,86,'2025-02-14 14:00:00',1),(12,87,'2025-02-14 14:00:00',0),(12,88,'2025-02-14 14:00:00',0),(12,89,'2025-02-14 14:00:00',1),(12,90,'2025-02-14 14:00:00',0),(12,91,'2025-02-14 14:00:00',0),(12,92,'2025-02-14 14:00:00',0),(12,93,'2025-02-14 14:00:00',0),(13,1,'2025-02-14 15:00:00',0),(13,2,'2025-02-14 15:00:00',0),(13,3,'2025-02-14 15:00:00',0),(13,4,'2025-02-14 15:00:00',0),(13,5,'2025-02-14 15:00:00',0),(13,6,'2025-02-14 15:00:00',0),(13,7,'2025-02-14 15:00:00',0),(13,8,'2025-02-14 15:00:00',1),(13,9,'2025-02-14 15:00:00',1),(13,10,'2025-02-14 15:00:00',0),(13,11,'2025-02-14 15:00:00',0),(13,12,'2025-02-14 15:00:00',1),(13,13,'2025-02-14 15:00:00',0),(13,14,'2025-02-14 15:00:00',0),(13,15,'2025-02-14 15:00:00',0),(13,16,'2025-02-14 15:00:00',0),(13,17,'2025-02-14 15:00:00',1),(13,18,'2025-02-14 15:00:00',0),(13,19,'2025-02-14 15:00:00',0),(13,20,'2025-02-14 15:00:00',0),(13,21,'2025-02-14 15:00:00',0),(13,22,'2025-02-14 15:00:00',1),(13,23,'2025-02-14 15:00:00',0),(13,24,'2025-02-14 15:00:00',0),(13,25,'2025-02-14 15:00:00',0),(13,26,'2025-02-14 15:00:00',1),(13,27,'2025-02-14 15:00:00',1),(13,28,'2025-02-14 15:00:00',1),(13,29,'2025-02-14 15:00:00',0),(13,30,'2025-02-14 15:00:00',1),(13,31,'2025-02-14 15:00:00',0),(13,32,'2025-02-14 15:00:00',0),(13,33,'2025-02-14 15:00:00',1),(13,34,'2025-02-14 15:00:00',0),(13,35,'2025-02-14 15:00:00',1),(13,36,'2025-02-14 15:00:00',0),(13,37,'2025-02-14 15:00:00',0),(13,38,'2025-02-14 15:00:00',1),(13,39,'2025-02-14 15:00:00',0),(13,40,'2025-02-14 15:00:00',0),(13,41,'2025-02-14 15:00:00',0),(13,42,'2025-02-14 15:00:00',0),(13,43,'2025-02-14 15:00:00',0),(13,44,'2025-02-14 15:00:00',0),(13,45,'2025-02-14 15:00:00',0),(13,46,'2025-02-14 15:00:00',0),(13,47,'2025-02-14 15:00:00',0),(13,48,'2025-02-14 15:00:00',1),(13,49,'2025-02-14 15:00:00',1),(13,50,'2025-02-14 15:00:00',0),(13,51,'2025-02-14 15:00:00',0),(13,52,'2025-02-14 15:00:00',1),(13,53,'2025-02-14 15:00:00',0),(13,54,'2025-02-14 15:00:00',0),(13,55,'2025-02-14 15:00:00',0),(13,56,'2025-02-14 15:00:00',1),(13,57,'2025-02-14 15:00:00',0),(13,58,'2025-02-14 15:00:00',0),(13,59,'2025-02-14 15:00:00',1),(13,60,'2025-02-14 15:00:00',1),(13,61,'2025-02-14 15:00:00',0),(13,62,'2025-02-14 15:00:00',0),(13,63,'2025-02-14 15:00:00',0),(13,64,'2025-02-14 15:00:00',0),(13,65,'2025-02-14 15:00:00',0),(13,66,'2025-02-14 15:00:00',0),(13,67,'2025-02-14 15:00:00',0),(13,68,'2025-02-14 15:00:00',1),(13,69,'2025-02-14 15:00:00',0),(13,70,'2025-02-14 15:00:00',0),(13,71,'2025-02-14 15:00:00',0),(13,72,'2025-02-14 15:00:00',0),(13,73,'2025-02-14 15:00:00',0),(13,74,'2025-02-14 15:00:00',1),(13,75,'2025-02-14 15:00:00',0),(13,76,'2025-02-14 15:00:00',0),(13,77,'2025-02-14 15:00:00',1),(13,78,'2025-02-14 15:00:00',0),(13,79,'2025-02-14 15:00:00',0),(13,80,'2025-02-14 15:00:00',0),(13,81,'2025-02-14 15:00:00',0),(13,82,'2025-02-14 15:00:00',1),(13,83,'2025-02-14 15:00:00',0),(13,84,'2025-02-14 15:00:00',1),(13,85,'2025-02-14 15:00:00',1),(13,86,'2025-02-14 15:00:00',0),(13,87,'2025-02-14 15:00:00',0),(13,88,'2025-02-14 15:00:00',1),(13,89,'2025-02-14 15:00:00',0),(13,90,'2025-02-14 15:00:00',0),(13,91,'2025-02-14 15:00:00',0),(13,92,'2025-02-14 15:00:00',0),(13,93,'2025-02-14 15:00:00',0),(14,1,'2025-02-14 16:00:00',0),(14,2,'2025-02-14 16:00:00',0),(14,3,'2025-02-14 16:00:00',0),(14,4,'2025-02-14 16:00:00',0),(14,5,'2025-02-14 16:00:00',0),(14,6,'2025-02-14 16:00:00',0),(14,7,'2025-02-14 16:00:00',0),(14,8,'2025-02-14 16:00:00',0),(14,9,'2025-02-14 16:00:00',1),(14,10,'2025-02-14 16:00:00',0),(14,11,'2025-02-14 16:00:00',0),(14,12,'2025-02-14 16:00:00',0),(14,13,'2025-02-14 16:00:00',1),(14,14,'2025-02-14 16:00:00',0),(14,15,'2025-02-14 16:00:00',0),(14,16,'2025-02-14 16:00:00',0),(14,17,'2025-02-14 16:00:00',1),(14,18,'2025-02-14 16:00:00',1),(14,19,'2025-02-14 16:00:00',1),(14,20,'2025-02-14 16:00:00',0),(14,21,'2025-02-14 16:00:00',1),(14,22,'2025-02-14 16:00:00',0),(14,23,'2025-02-14 16:00:00',0),(14,24,'2025-02-14 16:00:00',0),(14,25,'2025-02-14 16:00:00',0),(14,26,'2025-02-14 16:00:00',1),(14,27,'2025-02-14 16:00:00',0),(14,28,'2025-02-14 16:00:00',0),(14,29,'2025-02-14 16:00:00',0),(14,30,'2025-02-14 16:00:00',1),(14,31,'2025-02-14 16:00:00',0),(14,32,'2025-02-14 16:00:00',0),(14,33,'2025-02-14 16:00:00',1),(14,34,'2025-02-14 16:00:00',0),(14,35,'2025-02-14 16:00:00',1),(14,36,'2025-02-14 16:00:00',0),(14,37,'2025-02-14 16:00:00',1),(14,38,'2025-02-14 16:00:00',0),(14,39,'2025-02-14 16:00:00',0),(14,40,'2025-02-14 16:00:00',0),(14,41,'2025-02-14 16:00:00',1),(14,42,'2025-02-14 16:00:00',1),(14,43,'2025-02-14 16:00:00',0),(14,44,'2025-02-14 16:00:00',0),(14,45,'2025-02-14 16:00:00',0),(14,46,'2025-02-14 16:00:00',0),(14,47,'2025-02-14 16:00:00',0),(14,48,'2025-02-14 16:00:00',0),(14,49,'2025-02-14 16:00:00',1),(14,50,'2025-02-14 16:00:00',0),(14,51,'2025-02-14 16:00:00',0),(14,52,'2025-02-14 16:00:00',0),(14,53,'2025-02-14 16:00:00',0),(14,54,'2025-02-14 16:00:00',0),(14,55,'2025-02-14 16:00:00',0),(14,56,'2025-02-14 16:00:00',0),(14,57,'2025-02-14 16:00:00',0),(14,58,'2025-02-14 16:00:00',0),(14,59,'2025-02-14 16:00:00',0),(14,60,'2025-02-14 16:00:00',0),(14,61,'2025-02-14 16:00:00',0),(14,62,'2025-02-14 16:00:00',1),(14,63,'2025-02-14 16:00:00',0),(14,64,'2025-02-14 16:00:00',0),(14,65,'2025-02-14 16:00:00',1),(14,66,'2025-02-14 16:00:00',0),(14,67,'2025-02-14 16:00:00',0),(14,68,'2025-02-14 16:00:00',0),(14,69,'2025-02-14 16:00:00',0),(14,70,'2025-02-14 16:00:00',0),(14,71,'2025-02-14 16:00:00',1),(14,72,'2025-02-14 16:00:00',0),(14,73,'2025-02-14 16:00:00',1),(14,74,'2025-02-14 16:00:00',0),(14,75,'2025-02-14 16:00:00',1),(14,76,'2025-02-14 16:00:00',1),(14,77,'2025-02-14 16:00:00',0),(14,78,'2025-02-14 16:00:00',0),(14,79,'2025-02-14 16:00:00',1),(14,80,'2025-02-14 16:00:00',0),(14,81,'2025-02-14 16:00:00',0),(14,82,'2025-02-14 16:00:00',1),(14,83,'2025-02-14 16:00:00',0),(14,84,'2025-02-14 16:00:00',0),(14,85,'2025-02-14 16:00:00',0),(14,86,'2025-02-14 16:00:00',0),(14,87,'2025-02-14 16:00:00',1),(14,88,'2025-02-14 16:00:00',1),(14,89,'2025-02-14 16:00:00',1),(14,90,'2025-02-14 16:00:00',0),(14,91,'2025-02-14 16:00:00',0),(14,92,'2025-02-14 16:00:00',0),(14,93,'2025-02-14 16:00:00',0),(15,1,'2025-02-24 10:00:00',0),(15,2,'2025-02-24 10:00:00',0),(15,3,'2025-02-24 10:00:00',0),(15,4,'2025-02-24 10:00:00',0),(15,5,'2025-02-24 10:00:00',0),(15,6,'2025-02-24 10:00:00',0),(15,7,'2025-02-24 10:00:00',0),(15,8,'2025-02-24 10:00:00',1),(15,9,'2025-02-24 10:00:00',1),(15,10,'2025-02-24 10:00:00',0),(15,11,'2025-02-24 10:00:00',0),(15,12,'2025-02-24 10:00:00',0),(15,13,'2025-02-24 10:00:00',0),(15,14,'2025-02-24 10:00:00',1),(15,15,'2025-02-24 10:00:00',0),(15,16,'2025-02-24 10:00:00',1),(15,17,'2025-02-24 10:00:00',0),(15,18,'2025-02-24 10:00:00',0),(15,19,'2025-02-24 10:00:00',0),(15,20,'2025-02-24 10:00:00',1),(15,21,'2025-02-24 10:00:00',0),(15,22,'2025-02-24 10:00:00',0),(15,23,'2025-02-24 10:00:00',1),(15,24,'2025-02-24 10:00:00',0),(15,25,'2025-02-24 10:00:00',1),(15,26,'2025-02-24 10:00:00',0),(15,27,'2025-02-24 10:00:00',0),(15,28,'2025-02-24 10:00:00',0),(15,29,'2025-02-24 10:00:00',0),(15,30,'2025-02-24 10:00:00',1),(15,31,'2025-02-24 10:00:00',0),(15,32,'2025-02-24 10:00:00',0),(15,33,'2025-02-24 10:00:00',0),(15,34,'2025-02-24 10:00:00',0),(15,35,'2025-02-24 10:00:00',0),(15,36,'2025-02-24 10:00:00',0),(15,37,'2025-02-24 10:00:00',0),(15,38,'2025-02-24 10:00:00',0),(15,39,'2025-02-24 10:00:00',0),(15,40,'2025-02-24 10:00:00',0),(15,41,'2025-02-24 10:00:00',0),(15,42,'2025-02-24 10:00:00',0),(15,43,'2025-02-24 10:00:00',0),(15,44,'2025-02-24 10:00:00',0),(15,45,'2025-02-24 10:00:00',0),(15,46,'2025-02-24 10:00:00',1),(15,47,'2025-02-24 10:00:00',0),(15,48,'2025-02-24 10:00:00',1),(15,49,'2025-02-24 10:00:00',0),(15,50,'2025-02-24 10:00:00',0),(15,51,'2025-02-24 10:00:00',0),(15,52,'2025-02-24 10:00:00',0),(15,53,'2025-02-24 10:00:00',0),(15,54,'2025-02-24 10:00:00',1),(15,55,'2025-02-24 10:00:00',0),(15,56,'2025-02-24 10:00:00',0),(15,57,'2025-02-24 10:00:00',1),(15,58,'2025-02-24 10:00:00',0),(15,59,'2025-02-24 10:00:00',0),(15,60,'2025-02-24 10:00:00',1),(15,61,'2025-02-24 10:00:00',1),(15,62,'2025-02-24 10:00:00',1),(15,63,'2025-02-24 10:00:00',0),(15,64,'2025-02-24 10:00:00',0),(15,65,'2025-02-24 10:00:00',0),(15,66,'2025-02-24 10:00:00',0),(15,67,'2025-02-24 10:00:00',0),(15,68,'2025-02-24 10:00:00',1),(15,69,'2025-02-24 10:00:00',1),(15,70,'2025-02-24 10:00:00',1),(15,71,'2025-02-24 10:00:00',0),(15,72,'2025-02-24 10:00:00',0),(15,73,'2025-02-24 10:00:00',0),(15,74,'2025-02-24 10:00:00',0),(15,75,'2025-02-24 10:00:00',0),(15,76,'2025-02-24 10:00:00',0),(15,77,'2025-02-24 10:00:00',1),(15,78,'2025-02-24 10:00:00',1),(15,79,'2025-02-24 10:00:00',0),(15,80,'2025-02-24 10:00:00',1),(15,81,'2025-02-24 10:00:00',1),(15,82,'2025-02-24 10:00:00',0),(15,83,'2025-02-24 10:00:00',1),(15,84,'2025-02-24 10:00:00',0),(15,85,'2025-02-24 10:00:00',0),(15,86,'2025-02-24 10:00:00',0),(15,87,'2025-02-24 10:00:00',0),(15,88,'2025-02-24 10:00:00',1),(15,89,'2025-02-24 10:00:00',0),(15,90,'2025-02-24 10:00:00',0),(15,91,'2025-02-24 10:00:00',1),(15,92,'2025-02-24 10:00:00',0),(15,93,'2025-02-24 10:00:00',0),(16,1,'2025-02-24 11:00:00',0),(16,2,'2025-02-24 11:00:00',1),(16,3,'2025-02-24 11:00:00',1),(16,4,'2025-02-24 11:00:00',1),(16,5,'2025-02-24 11:00:00',0),(16,6,'2025-02-24 11:00:00',0),(16,7,'2025-02-24 11:00:00',0),(16,8,'2025-02-24 11:00:00',1),(16,9,'2025-02-24 11:00:00',0),(16,10,'2025-02-24 11:00:00',0),(16,11,'2025-02-24 11:00:00',0),(16,12,'2025-02-24 11:00:00',0),(16,13,'2025-02-24 11:00:00',0),(16,14,'2025-02-24 11:00:00',1),(16,15,'2025-02-24 11:00:00',1),(16,16,'2025-02-24 11:00:00',1),(16,17,'2025-02-24 11:00:00',1),(16,18,'2025-02-24 11:00:00',1),(16,19,'2025-02-24 11:00:00',0),(16,20,'2025-02-24 11:00:00',1),(16,21,'2025-02-24 11:00:00',0),(16,22,'2025-02-24 11:00:00',0),(16,23,'2025-02-24 11:00:00',0),(16,24,'2025-02-24 11:00:00',0),(16,25,'2025-02-24 11:00:00',0),(16,26,'2025-02-24 11:00:00',0),(16,27,'2025-02-24 11:00:00',0),(16,28,'2025-02-24 11:00:00',0),(16,29,'2025-02-24 11:00:00',0),(16,30,'2025-02-24 11:00:00',0),(16,31,'2025-02-24 11:00:00',0),(16,32,'2025-02-24 11:00:00',1),(16,33,'2025-02-24 11:00:00',1),(16,34,'2025-02-24 11:00:00',0),(16,35,'2025-02-24 11:00:00',0),(16,36,'2025-02-24 11:00:00',0),(16,37,'2025-02-24 11:00:00',0),(16,38,'2025-02-24 11:00:00',0),(16,39,'2025-02-24 11:00:00',0),(16,40,'2025-02-24 11:00:00',0),(16,41,'2025-02-24 11:00:00',1),(16,42,'2025-02-24 11:00:00',0),(16,43,'2025-02-24 11:00:00',0),(16,44,'2025-02-24 11:00:00',0),(16,45,'2025-02-24 11:00:00',0),(16,46,'2025-02-24 11:00:00',1),(16,47,'2025-02-24 11:00:00',0),(16,48,'2025-02-24 11:00:00',1),(16,49,'2025-02-24 11:00:00',0),(16,50,'2025-02-24 11:00:00',0),(16,51,'2025-02-24 11:00:00',0),(16,52,'2025-02-24 11:00:00',0),(16,53,'2025-02-24 11:00:00',0),(16,54,'2025-02-24 11:00:00',0),(16,55,'2025-02-24 11:00:00',0),(16,56,'2025-02-24 11:00:00',0),(16,57,'2025-02-24 11:00:00',0),(16,58,'2025-02-24 11:00:00',1),(16,59,'2025-02-24 11:00:00',0),(16,60,'2025-02-24 11:00:00',0),(16,61,'2025-02-24 11:00:00',0),(16,62,'2025-02-24 11:00:00',0),(16,63,'2025-02-24 11:00:00',1),(16,64,'2025-02-24 11:00:00',1),(16,65,'2025-02-24 11:00:00',1),(16,66,'2025-02-24 11:00:00',0),(16,67,'2025-02-24 11:00:00',1),(16,68,'2025-02-24 11:00:00',0),(16,69,'2025-02-24 11:00:00',0),(16,70,'2025-02-24 11:00:00',1),(16,71,'2025-02-24 11:00:00',1),(16,72,'2025-02-24 11:00:00',0),(16,73,'2025-02-24 11:00:00',0),(16,74,'2025-02-24 11:00:00',0),(16,75,'2025-02-24 11:00:00',0),(16,76,'2025-02-24 11:00:00',0),(16,77,'2025-02-24 11:00:00',0),(16,78,'2025-02-24 11:00:00',0),(16,79,'2025-02-24 11:00:00',0),(16,80,'2025-02-24 11:00:00',0),(16,81,'2025-02-24 11:00:00',0),(16,82,'2025-02-24 11:00:00',0),(16,83,'2025-02-24 11:00:00',0),(16,84,'2025-02-24 11:00:00',0),(16,85,'2025-02-24 11:00:00',0),(16,86,'2025-02-24 11:00:00',1),(16,87,'2025-02-24 11:00:00',1),(16,88,'2025-02-24 11:00:00',0),(16,89,'2025-02-24 11:00:00',0),(16,90,'2025-02-24 11:00:00',0),(16,91,'2025-02-24 11:00:00',0),(16,92,'2025-02-24 11:00:00',1),(16,93,'2025-02-24 11:00:00',0),(17,1,'2025-02-24 12:00:00',0),(17,2,'2025-02-24 12:00:00',0),(17,3,'2025-02-24 12:00:00',0),(17,4,'2025-02-24 12:00:00',1),(17,5,'2025-02-24 12:00:00',0),(17,6,'2025-02-24 12:00:00',0),(17,7,'2025-02-24 12:00:00',1),(17,8,'2025-02-24 12:00:00',0),(17,9,'2025-02-24 12:00:00',0),(17,10,'2025-02-24 12:00:00',0),(17,11,'2025-02-24 12:00:00',0),(17,12,'2025-02-24 12:00:00',0),(17,13,'2025-02-24 12:00:00',1),(17,14,'2025-02-24 12:00:00',1),(17,15,'2025-02-24 12:00:00',0),(17,16,'2025-02-24 12:00:00',0),(17,17,'2025-02-24 12:00:00',0),(17,18,'2025-02-24 12:00:00',1),(17,19,'2025-02-24 12:00:00',0),(17,20,'2025-02-24 12:00:00',1),(17,21,'2025-02-24 12:00:00',0),(17,22,'2025-02-24 12:00:00',1),(17,23,'2025-02-24 12:00:00',1),(17,24,'2025-02-24 12:00:00',1),(17,25,'2025-02-24 12:00:00',0),(17,26,'2025-02-24 12:00:00',0),(17,27,'2025-02-24 12:00:00',1),(17,28,'2025-02-24 12:00:00',0),(17,29,'2025-02-24 12:00:00',0),(17,30,'2025-02-24 12:00:00',0),(17,31,'2025-02-24 12:00:00',0),(17,32,'2025-02-24 12:00:00',0),(17,33,'2025-02-24 12:00:00',0),(17,34,'2025-02-24 12:00:00',0),(17,35,'2025-02-24 12:00:00',0),(17,36,'2025-02-24 12:00:00',0),(17,37,'2025-02-24 12:00:00',0),(17,38,'2025-02-24 12:00:00',0),(17,39,'2025-02-24 12:00:00',1),(17,40,'2025-02-24 12:00:00',0),(17,41,'2025-02-24 12:00:00',1),(17,42,'2025-02-24 12:00:00',0),(17,43,'2025-02-24 12:00:00',0),(17,44,'2025-02-24 12:00:00',0),(17,45,'2025-02-24 12:00:00',0),(17,46,'2025-02-24 12:00:00',1),(17,47,'2025-02-24 12:00:00',0),(17,48,'2025-02-24 12:00:00',0),(17,49,'2025-02-24 12:00:00',0),(17,50,'2025-02-24 12:00:00',1),(17,51,'2025-02-24 12:00:00',0),(17,52,'2025-02-24 12:00:00',0),(17,53,'2025-02-24 12:00:00',0),(17,54,'2025-02-24 12:00:00',0),(17,55,'2025-02-24 12:00:00',0),(17,56,'2025-02-24 12:00:00',0),(17,57,'2025-02-24 12:00:00',1),(17,58,'2025-02-24 12:00:00',0),(17,59,'2025-02-24 12:00:00',1),(17,60,'2025-02-24 12:00:00',0),(17,61,'2025-02-24 12:00:00',0),(17,62,'2025-02-24 12:00:00',0),(17,63,'2025-02-24 12:00:00',0),(17,64,'2025-02-24 12:00:00',0),(17,65,'2025-02-24 12:00:00',1),(17,66,'2025-02-24 12:00:00',0),(17,67,'2025-02-24 12:00:00',1),(17,68,'2025-02-24 12:00:00',0),(17,69,'2025-02-24 12:00:00',0),(17,70,'2025-02-24 12:00:00',1),(17,71,'2025-02-24 12:00:00',0),(17,72,'2025-02-24 12:00:00',0),(17,73,'2025-02-24 12:00:00',1),(17,74,'2025-02-24 12:00:00',1),(17,75,'2025-02-24 12:00:00',0),(17,76,'2025-02-24 12:00:00',0),(17,77,'2025-02-24 12:00:00',0),(17,78,'2025-02-24 12:00:00',1),(17,79,'2025-02-24 12:00:00',0),(17,80,'2025-02-24 12:00:00',0),(17,81,'2025-02-24 12:00:00',0),(17,82,'2025-02-24 12:00:00',0),(17,83,'2025-02-24 12:00:00',0),(17,84,'2025-02-24 12:00:00',0),(17,85,'2025-02-24 12:00:00',0),(17,86,'2025-02-24 12:00:00',0),(17,87,'2025-02-24 12:00:00',0),(17,88,'2025-02-24 12:00:00',1),(17,89,'2025-02-24 12:00:00',0),(17,90,'2025-02-24 12:00:00',0),(17,91,'2025-02-24 12:00:00',1),(17,92,'2025-02-24 12:00:00',1),(17,93,'2025-02-24 12:00:00',0),(18,1,'2025-02-24 13:00:00',0),(18,2,'2025-02-24 13:00:00',1),(18,3,'2025-02-24 13:00:00',0),(18,4,'2025-02-24 13:00:00',0),(18,5,'2025-02-24 13:00:00',0),(18,6,'2025-02-24 13:00:00',0),(18,7,'2025-02-24 13:00:00',0),(18,8,'2025-02-24 13:00:00',0),(18,9,'2025-02-24 13:00:00',0),(18,10,'2025-02-24 13:00:00',0),(18,11,'2025-02-24 13:00:00',0),(18,12,'2025-02-24 13:00:00',0),(18,13,'2025-02-24 13:00:00',0),(18,14,'2025-02-24 13:00:00',1),(18,15,'2025-02-24 13:00:00',0),(18,16,'2025-02-24 13:00:00',0),(18,17,'2025-02-24 13:00:00',1),(18,18,'2025-02-24 13:00:00',0),(18,19,'2025-02-24 13:00:00',0),(18,20,'2025-02-24 13:00:00',1),(18,21,'2025-02-24 13:00:00',0),(18,22,'2025-02-24 13:00:00',0),(18,23,'2025-02-24 13:00:00',1),(18,24,'2025-02-24 13:00:00',1),(18,25,'2025-02-24 13:00:00',1),(18,26,'2025-02-24 13:00:00',0),(18,27,'2025-02-24 13:00:00',1),(18,28,'2025-02-24 13:00:00',0),(18,29,'2025-02-24 13:00:00',0),(18,30,'2025-02-24 13:00:00',0),(18,31,'2025-02-24 13:00:00',0),(18,32,'2025-02-24 13:00:00',0),(18,33,'2025-02-24 13:00:00',0),(18,34,'2025-02-24 13:00:00',0),(18,35,'2025-02-24 13:00:00',1),(18,36,'2025-02-24 13:00:00',0),(18,37,'2025-02-24 13:00:00',0),(18,38,'2025-02-24 13:00:00',0),(18,39,'2025-02-24 13:00:00',0),(18,40,'2025-02-24 13:00:00',0),(18,41,'2025-02-24 13:00:00',1),(18,42,'2025-02-24 13:00:00',1),(18,43,'2025-02-24 13:00:00',1),(18,44,'2025-02-24 13:00:00',0),(18,45,'2025-02-24 13:00:00',0),(18,46,'2025-02-24 13:00:00',0),(18,47,'2025-02-24 13:00:00',0),(18,48,'2025-02-24 13:00:00',1),(18,49,'2025-02-24 13:00:00',0),(18,50,'2025-02-24 13:00:00',0),(18,51,'2025-02-24 13:00:00',0),(18,52,'2025-02-24 13:00:00',0),(18,53,'2025-02-24 13:00:00',0),(18,54,'2025-02-24 13:00:00',0),(18,55,'2025-02-24 13:00:00',1),(18,56,'2025-02-24 13:00:00',0),(18,57,'2025-02-24 13:00:00',0),(18,58,'2025-02-24 13:00:00',0),(18,59,'2025-02-24 13:00:00',1),(18,60,'2025-02-24 13:00:00',0),(18,61,'2025-02-24 13:00:00',0),(18,62,'2025-02-24 13:00:00',0),(18,63,'2025-02-24 13:00:00',0),(18,64,'2025-02-24 13:00:00',0),(18,65,'2025-02-24 13:00:00',1),(18,66,'2025-02-24 13:00:00',0),(18,67,'2025-02-24 13:00:00',0),(18,68,'2025-02-24 13:00:00',1),(18,69,'2025-02-24 13:00:00',0),(18,70,'2025-02-24 13:00:00',0),(18,71,'2025-02-24 13:00:00',0),(18,72,'2025-02-24 13:00:00',0),(18,73,'2025-02-24 13:00:00',1),(18,74,'2025-02-24 13:00:00',1),(18,75,'2025-02-24 13:00:00',0),(18,76,'2025-02-24 13:00:00',0),(18,77,'2025-02-24 13:00:00',1),(18,78,'2025-02-24 13:00:00',0),(18,79,'2025-02-24 13:00:00',1),(18,80,'2025-02-24 13:00:00',1),(18,81,'2025-02-24 13:00:00',0),(18,82,'2025-02-24 13:00:00',0),(18,83,'2025-02-24 13:00:00',0),(18,84,'2025-02-24 13:00:00',0),(18,85,'2025-02-24 13:00:00',0),(18,86,'2025-02-24 13:00:00',0),(18,87,'2025-02-24 13:00:00',1),(18,88,'2025-02-24 13:00:00',0),(18,89,'2025-02-24 13:00:00',0),(18,90,'2025-02-24 13:00:00',1),(18,91,'2025-02-24 13:00:00',1),(18,92,'2025-02-24 13:00:00',0),(18,93,'2025-02-24 13:00:00',0),(19,1,'2025-02-24 14:00:00',0),(19,2,'2025-02-24 14:00:00',1),(19,3,'2025-02-24 14:00:00',0),(19,4,'2025-02-24 14:00:00',0),(19,5,'2025-02-24 14:00:00',0),(19,6,'2025-02-24 14:00:00',1),(19,7,'2025-02-24 14:00:00',0),(19,8,'2025-02-24 14:00:00',0),(19,9,'2025-02-24 14:00:00',0),(19,10,'2025-02-24 14:00:00',0),(19,11,'2025-02-24 14:00:00',0),(19,12,'2025-02-24 14:00:00',0),(19,13,'2025-02-24 14:00:00',0),(19,14,'2025-02-24 14:00:00',1),(19,15,'2025-02-24 14:00:00',1),(19,16,'2025-02-24 14:00:00',0),(19,17,'2025-02-24 14:00:00',0),(19,18,'2025-02-24 14:00:00',0),(19,19,'2025-02-24 14:00:00',0),(19,20,'2025-02-24 14:00:00',0),(19,21,'2025-02-24 14:00:00',0),(19,22,'2025-02-24 14:00:00',0),(19,23,'2025-02-24 14:00:00',0),(19,24,'2025-02-24 14:00:00',0),(19,25,'2025-02-24 14:00:00',0),(19,26,'2025-02-24 14:00:00',0),(19,27,'2025-02-24 14:00:00',0),(19,28,'2025-02-24 14:00:00',1),(19,29,'2025-02-24 14:00:00',0),(19,30,'2025-02-24 14:00:00',0),(19,31,'2025-02-24 14:00:00',1),(19,32,'2025-02-24 14:00:00',0),(19,33,'2025-02-24 14:00:00',0),(19,34,'2025-02-24 14:00:00',0),(19,35,'2025-02-24 14:00:00',0),(19,36,'2025-02-24 14:00:00',0),(19,37,'2025-02-24 14:00:00',0),(19,38,'2025-02-24 14:00:00',1),(19,39,'2025-02-24 14:00:00',0),(19,40,'2025-02-24 14:00:00',0),(19,41,'2025-02-24 14:00:00',0),(19,42,'2025-02-24 14:00:00',0),(19,43,'2025-02-24 14:00:00',1),(19,44,'2025-02-24 14:00:00',1),(19,45,'2025-02-24 14:00:00',1),(19,46,'2025-02-24 14:00:00',0),(19,47,'2025-02-24 14:00:00',0),(19,48,'2025-02-24 14:00:00',1),(19,49,'2025-02-24 14:00:00',0),(19,50,'2025-02-24 14:00:00',0),(19,51,'2025-02-24 14:00:00',1),(19,52,'2025-02-24 14:00:00',1),(19,53,'2025-02-24 14:00:00',1),(19,54,'2025-02-24 14:00:00',0),(19,55,'2025-02-24 14:00:00',0),(19,56,'2025-02-24 14:00:00',0),(19,57,'2025-02-24 14:00:00',0),(19,58,'2025-02-24 14:00:00',0),(19,59,'2025-02-24 14:00:00',0),(19,60,'2025-02-24 14:00:00',1),(19,61,'2025-02-24 14:00:00',0),(19,62,'2025-02-24 14:00:00',0),(19,63,'2025-02-24 14:00:00',0),(19,64,'2025-02-24 14:00:00',0),(19,65,'2025-02-24 14:00:00',0),(19,66,'2025-02-24 14:00:00',0),(19,67,'2025-02-24 14:00:00',0),(19,68,'2025-02-24 14:00:00',0),(19,69,'2025-02-24 14:00:00',1),(19,70,'2025-02-24 14:00:00',0),(19,71,'2025-02-24 14:00:00',1),(19,72,'2025-02-24 14:00:00',1),(19,73,'2025-02-24 14:00:00',0),(19,74,'2025-02-24 14:00:00',0),(19,75,'2025-02-24 14:00:00',0),(19,76,'2025-02-24 14:00:00',0),(19,77,'2025-02-24 14:00:00',0),(19,78,'2025-02-24 14:00:00',1),(19,79,'2025-02-24 14:00:00',0),(19,80,'2025-02-24 14:00:00',0),(19,81,'2025-02-24 14:00:00',1),(19,82,'2025-02-24 14:00:00',0),(19,83,'2025-02-24 14:00:00',0),(19,84,'2025-02-24 14:00:00',1),(19,85,'2025-02-24 14:00:00',0),(19,86,'2025-02-24 14:00:00',1),(19,87,'2025-02-24 14:00:00',0),(19,88,'2025-02-24 14:00:00',1),(19,89,'2025-02-24 14:00:00',0),(19,90,'2025-02-24 14:00:00',0),(19,91,'2025-02-24 14:00:00',0),(19,92,'2025-02-24 14:00:00',1),(19,93,'2025-02-24 14:00:00',1),(20,1,'2025-02-24 15:00:00',0),(20,2,'2025-02-24 15:00:00',0),(20,3,'2025-02-24 15:00:00',0),(20,4,'2025-02-24 15:00:00',1),(20,5,'2025-02-24 15:00:00',1),(20,6,'2025-02-24 15:00:00',0),(20,7,'2025-02-24 15:00:00',0),(20,8,'2025-02-24 15:00:00',0),(20,9,'2025-02-24 15:00:00',0),(20,10,'2025-02-24 15:00:00',0),(20,11,'2025-02-24 15:00:00',0),(20,12,'2025-02-24 15:00:00',0),(20,13,'2025-02-24 15:00:00',0),(20,14,'2025-02-24 15:00:00',1),(20,15,'2025-02-24 15:00:00',0),(20,16,'2025-02-24 15:00:00',1),(20,17,'2025-02-24 15:00:00',0),(20,18,'2025-02-24 15:00:00',0),(20,19,'2025-02-24 15:00:00',0),(20,20,'2025-02-24 15:00:00',0),(20,21,'2025-02-24 15:00:00',1),(20,22,'2025-02-24 15:00:00',0),(20,23,'2025-02-24 15:00:00',0),(20,24,'2025-02-24 15:00:00',0),(20,25,'2025-02-24 15:00:00',0),(20,26,'2025-02-24 15:00:00',0),(20,27,'2025-02-24 15:00:00',0),(20,28,'2025-02-24 15:00:00',0),(20,29,'2025-02-24 15:00:00',0),(20,30,'2025-02-24 15:00:00',0),(20,31,'2025-02-24 15:00:00',0),(20,32,'2025-02-24 15:00:00',0),(20,33,'2025-02-24 15:00:00',1),(20,34,'2025-02-24 15:00:00',0),(20,35,'2025-02-24 15:00:00',0),(20,36,'2025-02-24 15:00:00',1),(20,37,'2025-02-24 15:00:00',0),(20,38,'2025-02-24 15:00:00',0),(20,39,'2025-02-24 15:00:00',0),(20,40,'2025-02-24 15:00:00',0),(20,41,'2025-02-24 15:00:00',0),(20,42,'2025-02-24 15:00:00',1),(20,43,'2025-02-24 15:00:00',0),(20,44,'2025-02-24 15:00:00',0),(20,45,'2025-02-24 15:00:00',0),(20,46,'2025-02-24 15:00:00',0),(20,47,'2025-02-24 15:00:00',1),(20,48,'2025-02-24 15:00:00',0),(20,49,'2025-02-24 15:00:00',1),(20,50,'2025-02-24 15:00:00',1),(20,51,'2025-02-24 15:00:00',0),(20,52,'2025-02-24 15:00:00',0),(20,53,'2025-02-24 15:00:00',0),(20,54,'2025-02-24 15:00:00',0),(20,55,'2025-02-24 15:00:00',1),(20,56,'2025-02-24 15:00:00',0),(20,57,'2025-02-24 15:00:00',0),(20,58,'2025-02-24 15:00:00',1),(20,59,'2025-02-24 15:00:00',0),(20,60,'2025-02-24 15:00:00',0),(20,61,'2025-02-24 15:00:00',1),(20,62,'2025-02-24 15:00:00',1),(20,63,'2025-02-24 15:00:00',0),(20,64,'2025-02-24 15:00:00',0),(20,65,'2025-02-24 15:00:00',0),(20,66,'2025-02-24 15:00:00',1),(20,67,'2025-02-24 15:00:00',1),(20,68,'2025-02-24 15:00:00',0),(20,69,'2025-02-24 15:00:00',1),(20,70,'2025-02-24 15:00:00',1),(20,71,'2025-02-24 15:00:00',1),(20,72,'2025-02-24 15:00:00',0),(20,73,'2025-02-24 15:00:00',0),(20,74,'2025-02-24 15:00:00',1),(20,75,'2025-02-24 15:00:00',0),(20,76,'2025-02-24 15:00:00',1),(20,77,'2025-02-24 15:00:00',0),(20,78,'2025-02-24 15:00:00',0),(20,79,'2025-02-24 15:00:00',0),(20,80,'2025-02-24 15:00:00',0),(20,81,'2025-02-24 15:00:00',0),(20,82,'2025-02-24 15:00:00',0),(20,83,'2025-02-24 15:00:00',0),(20,84,'2025-02-24 15:00:00',1),(20,85,'2025-02-24 15:00:00',0),(20,86,'2025-02-24 15:00:00',0),(20,87,'2025-02-24 15:00:00',0),(20,88,'2025-02-24 15:00:00',0),(20,89,'2025-02-24 15:00:00',0),(20,90,'2025-02-24 15:00:00',0),(20,91,'2025-02-24 15:00:00',1),(20,92,'2025-02-24 15:00:00',0),(20,93,'2025-02-24 15:00:00',1),(21,1,'2025-02-24 16:00:00',1),(21,2,'2025-02-24 16:00:00',0),(21,3,'2025-02-24 16:00:00',1),(21,4,'2025-02-24 16:00:00',0),(21,5,'2025-02-24 16:00:00',1),(21,6,'2025-02-24 16:00:00',0),(21,7,'2025-02-24 16:00:00',0),(21,8,'2025-02-24 16:00:00',0),(21,9,'2025-02-24 16:00:00',1),(21,10,'2025-02-24 16:00:00',1),(21,11,'2025-02-24 16:00:00',0),(21,12,'2025-02-24 16:00:00',1),(21,13,'2025-02-24 16:00:00',0),(21,14,'2025-02-24 16:00:00',1),(21,15,'2025-02-24 16:00:00',0),(21,16,'2025-02-24 16:00:00',0),(21,17,'2025-02-24 16:00:00',0),(21,18,'2025-02-24 16:00:00',0),(21,19,'2025-02-24 16:00:00',0),(21,20,'2025-02-24 16:00:00',1),(21,21,'2025-02-24 16:00:00',1),(21,22,'2025-02-24 16:00:00',0),(21,23,'2025-02-24 16:00:00',0),(21,24,'2025-02-24 16:00:00',0),(21,25,'2025-02-24 16:00:00',0),(21,26,'2025-02-24 16:00:00',0),(21,27,'2025-02-24 16:00:00',1),(21,28,'2025-02-24 16:00:00',1),(21,29,'2025-02-24 16:00:00',0),(21,30,'2025-02-24 16:00:00',0),(21,31,'2025-02-24 16:00:00',0),(21,32,'2025-02-24 16:00:00',0),(21,33,'2025-02-24 16:00:00',0),(21,34,'2025-02-24 16:00:00',0),(21,35,'2025-02-24 16:00:00',1),(21,36,'2025-02-24 16:00:00',0),(21,37,'2025-02-24 16:00:00',1),(21,38,'2025-02-24 16:00:00',1),(21,39,'2025-02-24 16:00:00',1),(21,40,'2025-02-24 16:00:00',1),(21,41,'2025-02-24 16:00:00',0),(21,42,'2025-02-24 16:00:00',0),(21,43,'2025-02-24 16:00:00',0),(21,44,'2025-02-24 16:00:00',0),(21,45,'2025-02-24 16:00:00',0),(21,46,'2025-02-24 16:00:00',0),(21,47,'2025-02-24 16:00:00',1),(21,48,'2025-02-24 16:00:00',0),(21,49,'2025-02-24 16:00:00',1),(21,50,'2025-02-24 16:00:00',0),(21,51,'2025-02-24 16:00:00',0),(21,52,'2025-02-24 16:00:00',1),(21,53,'2025-02-24 16:00:00',0),(21,54,'2025-02-24 16:00:00',1),(21,55,'2025-02-24 16:00:00',1),(21,56,'2025-02-24 16:00:00',0),(21,57,'2025-02-24 16:00:00',0),(21,58,'2025-02-24 16:00:00',0),(21,59,'2025-02-24 16:00:00',0),(21,60,'2025-02-24 16:00:00',0),(21,61,'2025-02-24 16:00:00',0),(21,62,'2025-02-24 16:00:00',0),(21,63,'2025-02-24 16:00:00',0),(21,64,'2025-02-24 16:00:00',0),(21,65,'2025-02-24 16:00:00',0),(21,66,'2025-02-24 16:00:00',1),(21,67,'2025-02-24 16:00:00',1),(21,68,'2025-02-24 16:00:00',1),(21,69,'2025-02-24 16:00:00',0),(21,70,'2025-02-24 16:00:00',0),(21,71,'2025-02-24 16:00:00',0),(21,72,'2025-02-24 16:00:00',0),(21,73,'2025-02-24 16:00:00',0),(21,74,'2025-02-24 16:00:00',0),(21,75,'2025-02-24 16:00:00',0),(21,76,'2025-02-24 16:00:00',0),(21,77,'2025-02-24 16:00:00',0),(21,78,'2025-02-24 16:00:00',0),(21,79,'2025-02-24 16:00:00',1),(21,80,'2025-02-24 16:00:00',0),(21,81,'2025-02-24 16:00:00',0),(21,82,'2025-02-24 16:00:00',0),(21,83,'2025-02-24 16:00:00',0),(21,84,'2025-02-24 16:00:00',0),(21,85,'2025-02-24 16:00:00',0),(21,86,'2025-02-24 16:00:00',0),(21,87,'2025-02-24 16:00:00',0),(21,88,'2025-02-24 16:00:00',0),(21,89,'2025-02-24 16:00:00',0),(21,90,'2025-02-24 16:00:00',0),(21,91,'2025-02-24 16:00:00',0),(21,92,'2025-02-24 16:00:00',0),(21,93,'2025-02-24 16:00:00',0),(22,1,'2025-02-25 10:00:00',0),(22,2,'2025-02-25 10:00:00',0),(22,3,'2025-02-25 10:00:00',0),(22,4,'2025-02-25 10:00:00',1),(22,5,'2025-02-25 10:00:00',0),(22,6,'2025-02-25 10:00:00',0),(22,7,'2025-02-25 10:00:00',1),(22,8,'2025-02-25 10:00:00',0),(22,9,'2025-02-25 10:00:00',0),(22,10,'2025-02-25 10:00:00',0),(22,11,'2025-02-25 10:00:00',0),(22,12,'2025-02-25 10:00:00',0),(22,13,'2025-02-25 10:00:00',0),(22,14,'2025-02-25 10:00:00',0),(22,15,'2025-02-25 10:00:00',1),(22,16,'2025-02-25 10:00:00',0),(22,17,'2025-02-25 10:00:00',0),(22,18,'2025-02-25 10:00:00',0),(22,19,'2025-02-25 10:00:00',0),(22,20,'2025-02-25 10:00:00',0),(22,21,'2025-02-25 10:00:00',0),(22,22,'2025-02-25 10:00:00',0),(22,23,'2025-02-25 10:00:00',0),(22,24,'2025-02-25 10:00:00',0),(22,25,'2025-02-25 10:00:00',1),(22,26,'2025-02-25 10:00:00',0),(22,27,'2025-02-25 10:00:00',0),(22,28,'2025-02-25 10:00:00',0),(22,29,'2025-02-25 10:00:00',0),(22,30,'2025-02-25 10:00:00',0),(22,31,'2025-02-25 10:00:00',0),(22,32,'2025-02-25 10:00:00',0),(22,33,'2025-02-25 10:00:00',0),(22,34,'2025-02-25 10:00:00',0),(22,35,'2025-02-25 10:00:00',0),(22,36,'2025-02-25 10:00:00',1),(22,37,'2025-02-25 10:00:00',1),(22,38,'2025-02-25 10:00:00',0),(22,39,'2025-02-25 10:00:00',0),(22,40,'2025-02-25 10:00:00',0),(22,41,'2025-02-25 10:00:00',1),(22,42,'2025-02-25 10:00:00',0),(22,43,'2025-02-25 10:00:00',1),(22,44,'2025-02-25 10:00:00',0),(22,45,'2025-02-25 10:00:00',1),(22,46,'2025-02-25 10:00:00',1),(22,47,'2025-02-25 10:00:00',0),(22,48,'2025-02-25 10:00:00',0),(22,49,'2025-02-25 10:00:00',1),(22,50,'2025-02-25 10:00:00',1),(22,51,'2025-02-25 10:00:00',0),(22,52,'2025-02-25 10:00:00',0),(22,53,'2025-02-25 10:00:00',0),(22,54,'2025-02-25 10:00:00',1),(22,55,'2025-02-25 10:00:00',0),(22,56,'2025-02-25 10:00:00',1),(22,57,'2025-02-25 10:00:00',0),(22,58,'2025-02-25 10:00:00',1),(22,59,'2025-02-25 10:00:00',1),(22,60,'2025-02-25 10:00:00',0),(22,61,'2025-02-25 10:00:00',0),(22,62,'2025-02-25 10:00:00',1),(22,63,'2025-02-25 10:00:00',1),(22,64,'2025-02-25 10:00:00',0),(22,65,'2025-02-25 10:00:00',0),(22,66,'2025-02-25 10:00:00',0),(22,67,'2025-02-25 10:00:00',0),(22,68,'2025-02-25 10:00:00',0),(22,69,'2025-02-25 10:00:00',0),(22,70,'2025-02-25 10:00:00',0),(22,71,'2025-02-25 10:00:00',0),(22,72,'2025-02-25 10:00:00',1),(22,73,'2025-02-25 10:00:00',0),(22,74,'2025-02-25 10:00:00',0),(22,75,'2025-02-25 10:00:00',0),(22,76,'2025-02-25 10:00:00',1),(22,77,'2025-02-25 10:00:00',0),(22,78,'2025-02-25 10:00:00',0),(22,79,'2025-02-25 10:00:00',1),(22,80,'2025-02-25 10:00:00',0),(22,81,'2025-02-25 10:00:00',0),(22,82,'2025-02-25 10:00:00',0),(22,83,'2025-02-25 10:00:00',1),(22,84,'2025-02-25 10:00:00',1),(22,85,'2025-02-25 10:00:00',0),(22,86,'2025-02-25 10:00:00',0),(22,87,'2025-02-25 10:00:00',0),(22,88,'2025-02-25 10:00:00',0),(22,89,'2025-02-25 10:00:00',0),(22,90,'2025-02-25 10:00:00',0),(22,91,'2025-02-25 10:00:00',0),(22,92,'2025-02-25 10:00:00',1),(22,93,'2025-02-25 10:00:00',1),(23,1,'2025-02-25 11:00:00',1),(23,2,'2025-02-25 11:00:00',0),(23,3,'2025-02-25 11:00:00',0),(23,4,'2025-02-25 11:00:00',1),(23,5,'2025-02-25 11:00:00',0),(23,6,'2025-02-25 11:00:00',1),(23,7,'2025-02-25 11:00:00',0),(23,8,'2025-02-25 11:00:00',0),(23,9,'2025-02-25 11:00:00',0),(23,10,'2025-02-25 11:00:00',0),(23,11,'2025-02-25 11:00:00',0),(23,12,'2025-02-25 11:00:00',0),(23,13,'2025-02-25 11:00:00',0),(23,14,'2025-02-25 11:00:00',1),(23,15,'2025-02-25 11:00:00',0),(23,16,'2025-02-25 11:00:00',1),(23,17,'2025-02-25 11:00:00',0),(23,18,'2025-02-25 11:00:00',0),(23,19,'2025-02-25 11:00:00',1),(23,20,'2025-02-25 11:00:00',1),(23,21,'2025-02-25 11:00:00',0),(23,22,'2025-02-25 11:00:00',0),(23,23,'2025-02-25 11:00:00',0),(23,24,'2025-02-25 11:00:00',0),(23,25,'2025-02-25 11:00:00',0),(23,26,'2025-02-25 11:00:00',1),(23,27,'2025-02-25 11:00:00',0),(23,28,'2025-02-25 11:00:00',0),(23,29,'2025-02-25 11:00:00',0),(23,30,'2025-02-25 11:00:00',1),(23,31,'2025-02-25 11:00:00',0),(23,32,'2025-02-25 11:00:00',0),(23,33,'2025-02-25 11:00:00',0),(23,34,'2025-02-25 11:00:00',1),(23,35,'2025-02-25 11:00:00',0),(23,36,'2025-02-25 11:00:00',0),(23,37,'2025-02-25 11:00:00',0),(23,38,'2025-02-25 11:00:00',0),(23,39,'2025-02-25 11:00:00',1),(23,40,'2025-02-25 11:00:00',1),(23,41,'2025-02-25 11:00:00',0),(23,42,'2025-02-25 11:00:00',0),(23,43,'2025-02-25 11:00:00',0),(23,44,'2025-02-25 11:00:00',0),(23,45,'2025-02-25 11:00:00',0),(23,46,'2025-02-25 11:00:00',1),(23,47,'2025-02-25 11:00:00',0),(23,48,'2025-02-25 11:00:00',1),(23,49,'2025-02-25 11:00:00',0),(23,50,'2025-02-25 11:00:00',0),(23,51,'2025-02-25 11:00:00',0),(23,52,'2025-02-25 11:00:00',1),(23,53,'2025-02-25 11:00:00',0),(23,54,'2025-02-25 11:00:00',1),(23,55,'2025-02-25 11:00:00',0),(23,56,'2025-02-25 11:00:00',0),(23,57,'2025-02-25 11:00:00',0),(23,58,'2025-02-25 11:00:00',0),(23,59,'2025-02-25 11:00:00',1),(23,60,'2025-02-25 11:00:00',1),(23,61,'2025-02-25 11:00:00',0),(23,62,'2025-02-25 11:00:00',0),(23,63,'2025-02-25 11:00:00',0),(23,64,'2025-02-25 11:00:00',0),(23,65,'2025-02-25 11:00:00',0),(23,66,'2025-02-25 11:00:00',0),(23,67,'2025-02-25 11:00:00',0),(23,68,'2025-02-25 11:00:00',0),(23,69,'2025-02-25 11:00:00',0),(23,70,'2025-02-25 11:00:00',0),(23,71,'2025-02-25 11:00:00',1),(23,72,'2025-02-25 11:00:00',1),(23,73,'2025-02-25 11:00:00',1),(23,74,'2025-02-25 11:00:00',1),(23,75,'2025-02-25 11:00:00',0),(23,76,'2025-02-25 11:00:00',0),(23,77,'2025-02-25 11:00:00',0),(23,78,'2025-02-25 11:00:00',0),(23,79,'2025-02-25 11:00:00',0),(23,80,'2025-02-25 11:00:00',0),(23,81,'2025-02-25 11:00:00',0),(23,82,'2025-02-25 11:00:00',0),(23,83,'2025-02-25 11:00:00',0),(23,84,'2025-02-25 11:00:00',0),(23,85,'2025-02-25 11:00:00',0),(23,86,'2025-02-25 11:00:00',1),(23,87,'2025-02-25 11:00:00',0),(23,88,'2025-02-25 11:00:00',0),(23,89,'2025-02-25 11:00:00',1),(23,90,'2025-02-25 11:00:00',0),(23,91,'2025-02-25 11:00:00',1),(23,92,'2025-02-25 11:00:00',0),(23,93,'2025-02-25 11:00:00',0),(24,1,'2025-02-25 12:00:00',0),(24,2,'2025-02-25 12:00:00',0),(24,3,'2025-02-25 12:00:00',1),(24,4,'2025-02-25 12:00:00',0),(24,5,'2025-02-25 12:00:00',1),(24,6,'2025-02-25 12:00:00',0),(24,7,'2025-02-25 12:00:00',0),(24,8,'2025-02-25 12:00:00',0),(24,9,'2025-02-25 12:00:00',0),(24,10,'2025-02-25 12:00:00',0),(24,11,'2025-02-25 12:00:00',0),(24,12,'2025-02-25 12:00:00',1),(24,13,'2025-02-25 12:00:00',1),(24,14,'2025-02-25 12:00:00',1),(24,15,'2025-02-25 12:00:00',0),(24,16,'2025-02-25 12:00:00',1),(24,17,'2025-02-25 12:00:00',0),(24,18,'2025-02-25 12:00:00',0),(24,19,'2025-02-25 12:00:00',0),(24,20,'2025-02-25 12:00:00',0),(24,21,'2025-02-25 12:00:00',0),(24,22,'2025-02-25 12:00:00',1),(24,23,'2025-02-25 12:00:00',1),(24,24,'2025-02-25 12:00:00',0),(24,25,'2025-02-25 12:00:00',1),(24,26,'2025-02-25 12:00:00',0),(24,27,'2025-02-25 12:00:00',0),(24,28,'2025-02-25 12:00:00',0),(24,29,'2025-02-25 12:00:00',0),(24,30,'2025-02-25 12:00:00',0),(24,31,'2025-02-25 12:00:00',0),(24,32,'2025-02-25 12:00:00',0),(24,33,'2025-02-25 12:00:00',0),(24,34,'2025-02-25 12:00:00',0),(24,35,'2025-02-25 12:00:00',0),(24,36,'2025-02-25 12:00:00',0),(24,37,'2025-02-25 12:00:00',0),(24,38,'2025-02-25 12:00:00',0),(24,39,'2025-02-25 12:00:00',0),(24,40,'2025-02-25 12:00:00',0),(24,41,'2025-02-25 12:00:00',1),(24,42,'2025-02-25 12:00:00',0),(24,43,'2025-02-25 12:00:00',1),(24,44,'2025-02-25 12:00:00',0),(24,45,'2025-02-25 12:00:00',1),(24,46,'2025-02-25 12:00:00',0),(24,47,'2025-02-25 12:00:00',1),(24,48,'2025-02-25 12:00:00',1),(24,49,'2025-02-25 12:00:00',0),(24,50,'2025-02-25 12:00:00',1),(24,51,'2025-02-25 12:00:00',0),(24,52,'2025-02-25 12:00:00',1),(24,53,'2025-02-25 12:00:00',0),(24,54,'2025-02-25 12:00:00',0),(24,55,'2025-02-25 12:00:00',0),(24,56,'2025-02-25 12:00:00',0),(24,57,'2025-02-25 12:00:00',0),(24,58,'2025-02-25 12:00:00',0),(24,59,'2025-02-25 12:00:00',0),(24,60,'2025-02-25 12:00:00',0),(24,61,'2025-02-25 12:00:00',0),(24,62,'2025-02-25 12:00:00',0),(24,63,'2025-02-25 12:00:00',1),(24,64,'2025-02-25 12:00:00',0),(24,65,'2025-02-25 12:00:00',1),(24,66,'2025-02-25 12:00:00',0),(24,67,'2025-02-25 12:00:00',0),(24,68,'2025-02-25 12:00:00',0),(24,69,'2025-02-25 12:00:00',0),(24,70,'2025-02-25 12:00:00',0),(24,71,'2025-02-25 12:00:00',0),(24,72,'2025-02-25 12:00:00',0),(24,73,'2025-02-25 12:00:00',0),(24,74,'2025-02-25 12:00:00',1),(24,75,'2025-02-25 12:00:00',0),(24,76,'2025-02-25 12:00:00',0),(24,77,'2025-02-25 12:00:00',0),(24,78,'2025-02-25 12:00:00',0),(24,79,'2025-02-25 12:00:00',0),(24,80,'2025-02-25 12:00:00',0),(24,81,'2025-02-25 12:00:00',0),(24,82,'2025-02-25 12:00:00',0),(24,83,'2025-02-25 12:00:00',0),(24,84,'2025-02-25 12:00:00',0),(24,85,'2025-02-25 12:00:00',1),(24,86,'2025-02-25 12:00:00',1),(24,87,'2025-02-25 12:00:00',1),(24,88,'2025-02-25 12:00:00',1),(24,89,'2025-02-25 12:00:00',0),(24,90,'2025-02-25 12:00:00',1),(24,91,'2025-02-25 12:00:00',1),(24,92,'2025-02-25 12:00:00',0),(24,93,'2025-02-25 12:00:00',0),(25,1,'2025-02-25 13:00:00',1),(25,2,'2025-02-25 13:00:00',0),(25,3,'2025-02-25 13:00:00',0),(25,4,'2025-02-25 13:00:00',0),(25,5,'2025-02-25 13:00:00',0),(25,6,'2025-02-25 13:00:00',1),(25,7,'2025-02-25 13:00:00',0),(25,8,'2025-02-25 13:00:00',0),(25,9,'2025-02-25 13:00:00',0),(25,10,'2025-02-25 13:00:00',0),(25,11,'2025-02-25 13:00:00',0),(25,12,'2025-02-25 13:00:00',0),(25,13,'2025-02-25 13:00:00',1),(25,14,'2025-02-25 13:00:00',0),(25,15,'2025-02-25 13:00:00',0),(25,16,'2025-02-25 13:00:00',0),(25,17,'2025-02-25 13:00:00',0),(25,18,'2025-02-25 13:00:00',1),(25,19,'2025-02-25 13:00:00',0),(25,20,'2025-02-25 13:00:00',0),(25,21,'2025-02-25 13:00:00',0),(25,22,'2025-02-25 13:00:00',0),(25,23,'2025-02-25 13:00:00',0),(25,24,'2025-02-25 13:00:00',1),(25,25,'2025-02-25 13:00:00',1),(25,26,'2025-02-25 13:00:00',0),(25,27,'2025-02-25 13:00:00',1),(25,28,'2025-02-25 13:00:00',1),(25,29,'2025-02-25 13:00:00',0),(25,30,'2025-02-25 13:00:00',0),(25,31,'2025-02-25 13:00:00',1),(25,32,'2025-02-25 13:00:00',1),(25,33,'2025-02-25 13:00:00',0),(25,34,'2025-02-25 13:00:00',1),(25,35,'2025-02-25 13:00:00',0),(25,36,'2025-02-25 13:00:00',0),(25,37,'2025-02-25 13:00:00',1),(25,38,'2025-02-25 13:00:00',0),(25,39,'2025-02-25 13:00:00',0),(25,40,'2025-02-25 13:00:00',0),(25,41,'2025-02-25 13:00:00',0),(25,42,'2025-02-25 13:00:00',1),(25,43,'2025-02-25 13:00:00',1),(25,44,'2025-02-25 13:00:00',0),(25,45,'2025-02-25 13:00:00',0),(25,46,'2025-02-25 13:00:00',0),(25,47,'2025-02-25 13:00:00',0),(25,48,'2025-02-25 13:00:00',0),(25,49,'2025-02-25 13:00:00',0),(25,50,'2025-02-25 13:00:00',0),(25,51,'2025-02-25 13:00:00',0),(25,52,'2025-02-25 13:00:00',1),(25,53,'2025-02-25 13:00:00',1),(25,54,'2025-02-25 13:00:00',0),(25,55,'2025-02-25 13:00:00',0),(25,56,'2025-02-25 13:00:00',1),(25,57,'2025-02-25 13:00:00',1),(25,58,'2025-02-25 13:00:00',0),(25,59,'2025-02-25 13:00:00',0),(25,60,'2025-02-25 13:00:00',0),(25,61,'2025-02-25 13:00:00',0),(25,62,'2025-02-25 13:00:00',0),(25,63,'2025-02-25 13:00:00',1),(25,64,'2025-02-25 13:00:00',0),(25,65,'2025-02-25 13:00:00',0),(25,66,'2025-02-25 13:00:00',0),(25,67,'2025-02-25 13:00:00',0),(25,68,'2025-02-25 13:00:00',1),(25,69,'2025-02-25 13:00:00',0),(25,70,'2025-02-25 13:00:00',0),(25,71,'2025-02-25 13:00:00',0),(25,72,'2025-02-25 13:00:00',0),(25,73,'2025-02-25 13:00:00',0),(25,74,'2025-02-25 13:00:00',0),(25,75,'2025-02-25 13:00:00',0),(25,76,'2025-02-25 13:00:00',0),(25,77,'2025-02-25 13:00:00',1),(25,78,'2025-02-25 13:00:00',0),(25,79,'2025-02-25 13:00:00',1),(25,80,'2025-02-25 13:00:00',0),(25,81,'2025-02-25 13:00:00',1),(25,82,'2025-02-25 13:00:00',0),(25,83,'2025-02-25 13:00:00',0),(25,84,'2025-02-25 13:00:00',0),(25,85,'2025-02-25 13:00:00',0),(25,86,'2025-02-25 13:00:00',1),(25,87,'2025-02-25 13:00:00',0),(25,88,'2025-02-25 13:00:00',0),(25,89,'2025-02-25 13:00:00',0),(25,90,'2025-02-25 13:00:00',0),(25,91,'2025-02-25 13:00:00',1),(25,92,'2025-02-25 13:00:00',0),(25,93,'2025-02-25 13:00:00',0),(26,1,'2025-02-25 14:00:00',0),(26,2,'2025-02-25 14:00:00',1),(26,3,'2025-02-25 14:00:00',0),(26,4,'2025-02-25 14:00:00',0),(26,5,'2025-02-25 14:00:00',1),(26,6,'2025-02-25 14:00:00',1),(26,7,'2025-02-25 14:00:00',0),(26,8,'2025-02-25 14:00:00',0),(26,9,'2025-02-25 14:00:00',0),(26,10,'2025-02-25 14:00:00',0),(26,11,'2025-02-25 14:00:00',0),(26,12,'2025-02-25 14:00:00',1),(26,13,'2025-02-25 14:00:00',0),(26,14,'2025-02-25 14:00:00',0),(26,15,'2025-02-25 14:00:00',1),(26,16,'2025-02-25 14:00:00',0),(26,17,'2025-02-25 14:00:00',0),(26,18,'2025-02-25 14:00:00',1),(26,19,'2025-02-25 14:00:00',0),(26,20,'2025-02-25 14:00:00',0),(26,21,'2025-02-25 14:00:00',0),(26,22,'2025-02-25 14:00:00',0),(26,23,'2025-02-25 14:00:00',0),(26,24,'2025-02-25 14:00:00',0),(26,25,'2025-02-25 14:00:00',0),(26,26,'2025-02-25 14:00:00',0),(26,27,'2025-02-25 14:00:00',1),(26,28,'2025-02-25 14:00:00',0),(26,29,'2025-02-25 14:00:00',0),(26,30,'2025-02-25 14:00:00',0),(26,31,'2025-02-25 14:00:00',0),(26,32,'2025-02-25 14:00:00',0),(26,33,'2025-02-25 14:00:00',0),(26,34,'2025-02-25 14:00:00',1),(26,35,'2025-02-25 14:00:00',0),(26,36,'2025-02-25 14:00:00',1),(26,37,'2025-02-25 14:00:00',0),(26,38,'2025-02-25 14:00:00',1),(26,39,'2025-02-25 14:00:00',0),(26,40,'2025-02-25 14:00:00',1),(26,41,'2025-02-25 14:00:00',0),(26,42,'2025-02-25 14:00:00',0),(26,43,'2025-02-25 14:00:00',0),(26,44,'2025-02-25 14:00:00',0),(26,45,'2025-02-25 14:00:00',1),(26,46,'2025-02-25 14:00:00',0),(26,47,'2025-02-25 14:00:00',1),(26,48,'2025-02-25 14:00:00',0),(26,49,'2025-02-25 14:00:00',0),(26,50,'2025-02-25 14:00:00',0),(26,51,'2025-02-25 14:00:00',0),(26,52,'2025-02-25 14:00:00',1),(26,53,'2025-02-25 14:00:00',0),(26,54,'2025-02-25 14:00:00',0),(26,55,'2025-02-25 14:00:00',0),(26,56,'2025-02-25 14:00:00',0),(26,57,'2025-02-25 14:00:00',0),(26,58,'2025-02-25 14:00:00',0),(26,59,'2025-02-25 14:00:00',1),(26,60,'2025-02-25 14:00:00',0),(26,61,'2025-02-25 14:00:00',0),(26,62,'2025-02-25 14:00:00',0),(26,63,'2025-02-25 14:00:00',0),(26,64,'2025-02-25 14:00:00',1),(26,65,'2025-02-25 14:00:00',0),(26,66,'2025-02-25 14:00:00',1),(26,67,'2025-02-25 14:00:00',0),(26,68,'2025-02-25 14:00:00',0),(26,69,'2025-02-25 14:00:00',0),(26,70,'2025-02-25 14:00:00',1),(26,71,'2025-02-25 14:00:00',0),(26,72,'2025-02-25 14:00:00',0),(26,73,'2025-02-25 14:00:00',1),(26,74,'2025-02-25 14:00:00',0),(26,75,'2025-02-25 14:00:00',0),(26,76,'2025-02-25 14:00:00',1),(26,77,'2025-02-25 14:00:00',1),(26,78,'2025-02-25 14:00:00',0),(26,79,'2025-02-25 14:00:00',0),(26,80,'2025-02-25 14:00:00',1),(26,81,'2025-02-25 14:00:00',0),(26,82,'2025-02-25 14:00:00',1),(26,83,'2025-02-25 14:00:00',1),(26,84,'2025-02-25 14:00:00',0),(26,85,'2025-02-25 14:00:00',0),(26,86,'2025-02-25 14:00:00',0),(26,87,'2025-02-25 14:00:00',0),(26,88,'2025-02-25 14:00:00',0),(26,89,'2025-02-25 14:00:00',0),(26,90,'2025-02-25 14:00:00',0),(26,91,'2025-02-25 14:00:00',1),(26,92,'2025-02-25 14:00:00',0),(26,93,'2025-02-25 14:00:00',0),(27,1,'2025-02-25 15:00:00',0),(27,2,'2025-02-25 15:00:00',1),(27,3,'2025-02-25 15:00:00',0),(27,4,'2025-02-25 15:00:00',0),(27,5,'2025-02-25 15:00:00',1),(27,6,'2025-02-25 15:00:00',1),(27,7,'2025-02-25 15:00:00',0),(27,8,'2025-02-25 15:00:00',0),(27,9,'2025-02-25 15:00:00',1),(27,10,'2025-02-25 15:00:00',0),(27,11,'2025-02-25 15:00:00',1),(27,12,'2025-02-25 15:00:00',0),(27,13,'2025-02-25 15:00:00',1),(27,14,'2025-02-25 15:00:00',0),(27,15,'2025-02-25 15:00:00',1),(27,16,'2025-02-25 15:00:00',0),(27,17,'2025-02-25 15:00:00',0),(27,18,'2025-02-25 15:00:00',0),(27,19,'2025-02-25 15:00:00',0),(27,20,'2025-02-25 15:00:00',0),(27,21,'2025-02-25 15:00:00',0),(27,22,'2025-02-25 15:00:00',0),(27,23,'2025-02-25 15:00:00',0),(27,24,'2025-02-25 15:00:00',0),(27,25,'2025-02-25 15:00:00',0),(27,26,'2025-02-25 15:00:00',1),(27,27,'2025-02-25 15:00:00',1),(27,28,'2025-02-25 15:00:00',0),(27,29,'2025-02-25 15:00:00',1),(27,30,'2025-02-25 15:00:00',0),(27,31,'2025-02-25 15:00:00',0),(27,32,'2025-02-25 15:00:00',0),(27,33,'2025-02-25 15:00:00',0),(27,34,'2025-02-25 15:00:00',1),(27,35,'2025-02-25 15:00:00',0),(27,36,'2025-02-25 15:00:00',0),(27,37,'2025-02-25 15:00:00',1),(27,38,'2025-02-25 15:00:00',0),(27,39,'2025-02-25 15:00:00',0),(27,40,'2025-02-25 15:00:00',0),(27,41,'2025-02-25 15:00:00',1),(27,42,'2025-02-25 15:00:00',1),(27,43,'2025-02-25 15:00:00',0),(27,44,'2025-02-25 15:00:00',0),(27,45,'2025-02-25 15:00:00',1),(27,46,'2025-02-25 15:00:00',1),(27,47,'2025-02-25 15:00:00',0),(27,48,'2025-02-25 15:00:00',1),(27,49,'2025-02-25 15:00:00',0),(27,50,'2025-02-25 15:00:00',1),(27,51,'2025-02-25 15:00:00',0),(27,52,'2025-02-25 15:00:00',0),(27,53,'2025-02-25 15:00:00',0),(27,54,'2025-02-25 15:00:00',1),(27,55,'2025-02-25 15:00:00',0),(27,56,'2025-02-25 15:00:00',0),(27,57,'2025-02-25 15:00:00',0),(27,58,'2025-02-25 15:00:00',0),(27,59,'2025-02-25 15:00:00',0),(27,60,'2025-02-25 15:00:00',1),(27,61,'2025-02-25 15:00:00',1),(27,62,'2025-02-25 15:00:00',0),(27,63,'2025-02-25 15:00:00',0),(27,64,'2025-02-25 15:00:00',0),(27,65,'2025-02-25 15:00:00',0),(27,66,'2025-02-25 15:00:00',1),(27,67,'2025-02-25 15:00:00',0),(27,68,'2025-02-25 15:00:00',0),(27,69,'2025-02-25 15:00:00',1),(27,70,'2025-02-25 15:00:00',0),(27,71,'2025-02-25 15:00:00',0),(27,72,'2025-02-25 15:00:00',0),(27,73,'2025-02-25 15:00:00',0),(27,74,'2025-02-25 15:00:00',0),(27,75,'2025-02-25 15:00:00',0),(27,76,'2025-02-25 15:00:00',0),(27,77,'2025-02-25 15:00:00',0),(27,78,'2025-02-25 15:00:00',0),(27,79,'2025-02-25 15:00:00',0),(27,80,'2025-02-25 15:00:00',0),(27,81,'2025-02-25 15:00:00',0),(27,82,'2025-02-25 15:00:00',0),(27,83,'2025-02-25 15:00:00',0),(27,84,'2025-02-25 15:00:00',0),(27,85,'2025-02-25 15:00:00',0),(27,86,'2025-02-25 15:00:00',0),(27,87,'2025-02-25 15:00:00',0),(27,88,'2025-02-25 15:00:00',0),(27,89,'2025-02-25 15:00:00',0),(27,90,'2025-02-25 15:00:00',0),(27,91,'2025-02-25 15:00:00',1),(27,92,'2025-02-25 15:00:00',1),(27,93,'2025-02-25 15:00:00',0),(28,1,'2025-02-25 16:00:00',1),(28,2,'2025-02-25 16:00:00',0),(28,3,'2025-02-25 16:00:00',0),(28,4,'2025-02-25 16:00:00',0),(28,5,'2025-02-25 16:00:00',0),(28,6,'2025-02-25 16:00:00',1),(28,7,'2025-02-25 16:00:00',0),(28,8,'2025-02-25 16:00:00',1),(28,9,'2025-02-25 16:00:00',0),(28,10,'2025-02-25 16:00:00',0),(28,11,'2025-02-25 16:00:00',0),(28,12,'2025-02-25 16:00:00',0),(28,13,'2025-02-25 16:00:00',0),(28,14,'2025-02-25 16:00:00',1),(28,15,'2025-02-25 16:00:00',0),(28,16,'2025-02-25 16:00:00',0),(28,17,'2025-02-25 16:00:00',0),(28,18,'2025-02-25 16:00:00',0),(28,19,'2025-02-25 16:00:00',1),(28,20,'2025-02-25 16:00:00',0),(28,21,'2025-02-25 16:00:00',0),(28,22,'2025-02-25 16:00:00',0),(28,23,'2025-02-25 16:00:00',0),(28,24,'2025-02-25 16:00:00',1),(28,25,'2025-02-25 16:00:00',0),(28,26,'2025-02-25 16:00:00',1),(28,27,'2025-02-25 16:00:00',1),(28,28,'2025-02-25 16:00:00',0),(28,29,'2025-02-25 16:00:00',0),(28,30,'2025-02-25 16:00:00',1),(28,31,'2025-02-25 16:00:00',0),(28,32,'2025-02-25 16:00:00',0),(28,33,'2025-02-25 16:00:00',0),(28,34,'2025-02-25 16:00:00',0),(28,35,'2025-02-25 16:00:00',1),(28,36,'2025-02-25 16:00:00',1),(28,37,'2025-02-25 16:00:00',0),(28,38,'2025-02-25 16:00:00',0),(28,39,'2025-02-25 16:00:00',0),(28,40,'2025-02-25 16:00:00',1),(28,41,'2025-02-25 16:00:00',0),(28,42,'2025-02-25 16:00:00',1),(28,43,'2025-02-25 16:00:00',0),(28,44,'2025-02-25 16:00:00',0),(28,45,'2025-02-25 16:00:00',0),(28,46,'2025-02-25 16:00:00',1),(28,47,'2025-02-25 16:00:00',0),(28,48,'2025-02-25 16:00:00',0),(28,49,'2025-02-25 16:00:00',1),(28,50,'2025-02-25 16:00:00',0),(28,51,'2025-02-25 16:00:00',0),(28,52,'2025-02-25 16:00:00',0),(28,53,'2025-02-25 16:00:00',0),(28,54,'2025-02-25 16:00:00',0),(28,55,'2025-02-25 16:00:00',0),(28,56,'2025-02-25 16:00:00',0),(28,57,'2025-02-25 16:00:00',0),(28,58,'2025-02-25 16:00:00',0),(28,59,'2025-02-25 16:00:00',0),(28,60,'2025-02-25 16:00:00',0),(28,61,'2025-02-25 16:00:00',0),(28,62,'2025-02-25 16:00:00',1),(28,63,'2025-02-25 16:00:00',1),(28,64,'2025-02-25 16:00:00',0),(28,65,'2025-02-25 16:00:00',1),(28,66,'2025-02-25 16:00:00',1),(28,67,'2025-02-25 16:00:00',0),(28,68,'2025-02-25 16:00:00',0),(28,69,'2025-02-25 16:00:00',1),(28,70,'2025-02-25 16:00:00',0),(28,71,'2025-02-25 16:00:00',0),(28,72,'2025-02-25 16:00:00',0),(28,73,'2025-02-25 16:00:00',0),(28,74,'2025-02-25 16:00:00',0),(28,75,'2025-02-25 16:00:00',0),(28,76,'2025-02-25 16:00:00',0),(28,77,'2025-02-25 16:00:00',0),(28,78,'2025-02-25 16:00:00',1),(28,79,'2025-02-25 16:00:00',0),(28,80,'2025-02-25 16:00:00',0),(28,81,'2025-02-25 16:00:00',1),(28,82,'2025-02-25 16:00:00',0),(28,83,'2025-02-25 16:00:00',0),(28,84,'2025-02-25 16:00:00',0),(28,85,'2025-02-25 16:00:00',1),(28,86,'2025-02-25 16:00:00',0),(28,87,'2025-02-25 16:00:00',1),(28,88,'2025-02-25 16:00:00',0),(28,89,'2025-02-25 16:00:00',0),(28,90,'2025-02-25 16:00:00',1),(28,91,'2025-02-25 16:00:00',0),(28,92,'2025-02-25 16:00:00',0),(28,93,'2025-02-25 16:00:00',0),(29,1,'2025-02-26 10:00:00',0),(29,2,'2025-02-26 10:00:00',0),(29,3,'2025-02-26 10:00:00',1),(29,4,'2025-02-26 10:00:00',0),(29,5,'2025-02-26 10:00:00',1),(29,6,'2025-02-26 10:00:00',0),(29,7,'2025-02-26 10:00:00',1),(29,8,'2025-02-26 10:00:00',0),(29,9,'2025-02-26 10:00:00',0),(29,10,'2025-02-26 10:00:00',1),(29,11,'2025-02-26 10:00:00',1),(29,12,'2025-02-26 10:00:00',0),(29,13,'2025-02-26 10:00:00',0),(29,14,'2025-02-26 10:00:00',0),(29,15,'2025-02-26 10:00:00',0),(29,16,'2025-02-26 10:00:00',0),(29,17,'2025-02-26 10:00:00',1),(29,18,'2025-02-26 10:00:00',0),(29,19,'2025-02-26 10:00:00',0),(29,20,'2025-02-26 10:00:00',0),(29,21,'2025-02-26 10:00:00',0),(29,22,'2025-02-26 10:00:00',0),(29,23,'2025-02-26 10:00:00',0),(29,24,'2025-02-26 10:00:00',0),(29,25,'2025-02-26 10:00:00',0),(29,26,'2025-02-26 10:00:00',0),(29,27,'2025-02-26 10:00:00',1),(29,28,'2025-02-26 10:00:00',0),(29,29,'2025-02-26 10:00:00',0),(29,30,'2025-02-26 10:00:00',0),(29,31,'2025-02-26 10:00:00',0),(29,32,'2025-02-26 10:00:00',0),(29,33,'2025-02-26 10:00:00',0),(29,34,'2025-02-26 10:00:00',0),(29,35,'2025-02-26 10:00:00',0),(29,36,'2025-02-26 10:00:00',0),(29,37,'2025-02-26 10:00:00',0),(29,38,'2025-02-26 10:00:00',0),(29,39,'2025-02-26 10:00:00',0),(29,40,'2025-02-26 10:00:00',0),(29,41,'2025-02-26 10:00:00',1),(29,42,'2025-02-26 10:00:00',0),(29,43,'2025-02-26 10:00:00',0),(29,44,'2025-02-26 10:00:00',0),(29,45,'2025-02-26 10:00:00',0),(29,46,'2025-02-26 10:00:00',0),(29,47,'2025-02-26 10:00:00',0),(29,48,'2025-02-26 10:00:00',0),(29,49,'2025-02-26 10:00:00',0),(29,50,'2025-02-26 10:00:00',0),(29,51,'2025-02-26 10:00:00',0),(29,52,'2025-02-26 10:00:00',0),(29,53,'2025-02-26 10:00:00',0),(29,54,'2025-02-26 10:00:00',0),(29,55,'2025-02-26 10:00:00',1),(29,56,'2025-02-26 10:00:00',0),(29,57,'2025-02-26 10:00:00',1),(29,58,'2025-02-26 10:00:00',0),(29,59,'2025-02-26 10:00:00',1),(29,60,'2025-02-26 10:00:00',1),(29,61,'2025-02-26 10:00:00',0),(29,62,'2025-02-26 10:00:00',1),(29,63,'2025-02-26 10:00:00',0),(29,64,'2025-02-26 10:00:00',1),(29,65,'2025-02-26 10:00:00',1),(29,66,'2025-02-26 10:00:00',1),(29,67,'2025-02-26 10:00:00',0),(29,68,'2025-02-26 10:00:00',0),(29,69,'2025-02-26 10:00:00',1),(29,70,'2025-02-26 10:00:00',0),(29,71,'2025-02-26 10:00:00',1),(29,72,'2025-02-26 10:00:00',0),(29,73,'2025-02-26 10:00:00',0),(29,74,'2025-02-26 10:00:00',1),(29,75,'2025-02-26 10:00:00',1),(29,76,'2025-02-26 10:00:00',1),(29,77,'2025-02-26 10:00:00',0),(29,78,'2025-02-26 10:00:00',1),(29,79,'2025-02-26 10:00:00',0),(29,80,'2025-02-26 10:00:00',0),(29,81,'2025-02-26 10:00:00',1),(29,82,'2025-02-26 10:00:00',0),(29,83,'2025-02-26 10:00:00',0),(29,84,'2025-02-26 10:00:00',0),(29,85,'2025-02-26 10:00:00',1),(29,86,'2025-02-26 10:00:00',0),(29,87,'2025-02-26 10:00:00',0),(29,88,'2025-02-26 10:00:00',0),(29,89,'2025-02-26 10:00:00',0),(29,90,'2025-02-26 10:00:00',0),(29,91,'2025-02-26 10:00:00',0),(29,92,'2025-02-26 10:00:00',1),(29,93,'2025-02-26 10:00:00',0),(30,1,'2025-02-26 11:00:00',0),(30,2,'2025-02-26 11:00:00',0),(30,3,'2025-02-26 11:00:00',0),(30,4,'2025-02-26 11:00:00',1),(30,5,'2025-02-26 11:00:00',0),(30,6,'2025-02-26 11:00:00',0),(30,7,'2025-02-26 11:00:00',0),(30,8,'2025-02-26 11:00:00',1),(30,9,'2025-02-26 11:00:00',0),(30,10,'2025-02-26 11:00:00',0),(30,11,'2025-02-26 11:00:00',0),(30,12,'2025-02-26 11:00:00',0),(30,13,'2025-02-26 11:00:00',1),(30,14,'2025-02-26 11:00:00',0),(30,15,'2025-02-26 11:00:00',0),(30,16,'2025-02-26 11:00:00',0),(30,17,'2025-02-26 11:00:00',0),(30,18,'2025-02-26 11:00:00',1),(30,19,'2025-02-26 11:00:00',0),(30,20,'2025-02-26 11:00:00',1),(30,21,'2025-02-26 11:00:00',0),(30,22,'2025-02-26 11:00:00',1),(30,23,'2025-02-26 11:00:00',0),(30,24,'2025-02-26 11:00:00',1),(30,25,'2025-02-26 11:00:00',0),(30,26,'2025-02-26 11:00:00',0),(30,27,'2025-02-26 11:00:00',0),(30,28,'2025-02-26 11:00:00',0),(30,29,'2025-02-26 11:00:00',0),(30,30,'2025-02-26 11:00:00',1),(30,31,'2025-02-26 11:00:00',1),(30,32,'2025-02-26 11:00:00',0),(30,33,'2025-02-26 11:00:00',1),(30,34,'2025-02-26 11:00:00',0),(30,35,'2025-02-26 11:00:00',0),(30,36,'2025-02-26 11:00:00',0),(30,37,'2025-02-26 11:00:00',0),(30,38,'2025-02-26 11:00:00',1),(30,39,'2025-02-26 11:00:00',0),(30,40,'2025-02-26 11:00:00',0),(30,41,'2025-02-26 11:00:00',1),(30,42,'2025-02-26 11:00:00',0),(30,43,'2025-02-26 11:00:00',0),(30,44,'2025-02-26 11:00:00',0),(30,45,'2025-02-26 11:00:00',0),(30,46,'2025-02-26 11:00:00',1),(30,47,'2025-02-26 11:00:00',1),(30,48,'2025-02-26 11:00:00',1),(30,49,'2025-02-26 11:00:00',0),(30,50,'2025-02-26 11:00:00',0),(30,51,'2025-02-26 11:00:00',0),(30,52,'2025-02-26 11:00:00',0),(30,53,'2025-02-26 11:00:00',0),(30,54,'2025-02-26 11:00:00',1),(30,55,'2025-02-26 11:00:00',0),(30,56,'2025-02-26 11:00:00',0),(30,57,'2025-02-26 11:00:00',1),(30,58,'2025-02-26 11:00:00',0),(30,59,'2025-02-26 11:00:00',0),(30,60,'2025-02-26 11:00:00',0),(30,61,'2025-02-26 11:00:00',0),(30,62,'2025-02-26 11:00:00',0),(30,63,'2025-02-26 11:00:00',0),(30,64,'2025-02-26 11:00:00',0),(30,65,'2025-02-26 11:00:00',0),(30,66,'2025-02-26 11:00:00',0),(30,67,'2025-02-26 11:00:00',0),(30,68,'2025-02-26 11:00:00',1),(30,69,'2025-02-26 11:00:00',0),(30,70,'2025-02-26 11:00:00',0),(30,71,'2025-02-26 11:00:00',1),(30,72,'2025-02-26 11:00:00',0),(30,73,'2025-02-26 11:00:00',1),(30,74,'2025-02-26 11:00:00',0),(30,75,'2025-02-26 11:00:00',0),(30,76,'2025-02-26 11:00:00',0),(30,77,'2025-02-26 11:00:00',0),(30,78,'2025-02-26 11:00:00',1),(30,79,'2025-02-26 11:00:00',0),(30,80,'2025-02-26 11:00:00',1),(30,81,'2025-02-26 11:00:00',0),(30,82,'2025-02-26 11:00:00',0),(30,83,'2025-02-26 11:00:00',1),(30,84,'2025-02-26 11:00:00',1),(30,85,'2025-02-26 11:00:00',0),(30,86,'2025-02-26 11:00:00',0),(30,87,'2025-02-26 11:00:00',0),(30,88,'2025-02-26 11:00:00',0),(30,89,'2025-02-26 11:00:00',0),(30,90,'2025-02-26 11:00:00',0),(30,91,'2025-02-26 11:00:00',0),(30,92,'2025-02-26 11:00:00',0),(30,93,'2025-02-26 11:00:00',1),(31,1,'2025-02-26 12:00:00',0),(31,2,'2025-02-26 12:00:00',0),(31,3,'2025-02-26 12:00:00',1),(31,4,'2025-02-26 12:00:00',0),(31,5,'2025-02-26 12:00:00',1),(31,6,'2025-02-26 12:00:00',1),(31,7,'2025-02-26 12:00:00',0),(31,8,'2025-02-26 12:00:00',0),(31,9,'2025-02-26 12:00:00',1),(31,10,'2025-02-26 12:00:00',1),(31,11,'2025-02-26 12:00:00',0),(31,12,'2025-02-26 12:00:00',1),(31,13,'2025-02-26 12:00:00',1),(31,14,'2025-02-26 12:00:00',1),(31,15,'2025-02-26 12:00:00',0),(31,16,'2025-02-26 12:00:00',1),(31,17,'2025-02-26 12:00:00',0),(31,18,'2025-02-26 12:00:00',1),(31,19,'2025-02-26 12:00:00',0),(31,20,'2025-02-26 12:00:00',0),(31,21,'2025-02-26 12:00:00',1),(31,22,'2025-02-26 12:00:00',1),(31,23,'2025-02-26 12:00:00',0),(31,24,'2025-02-26 12:00:00',0),(31,25,'2025-02-26 12:00:00',0),(31,26,'2025-02-26 12:00:00',1),(31,27,'2025-02-26 12:00:00',0),(31,28,'2025-02-26 12:00:00',0),(31,29,'2025-02-26 12:00:00',1),(31,30,'2025-02-26 12:00:00',0),(31,31,'2025-02-26 12:00:00',0),(31,32,'2025-02-26 12:00:00',0),(31,33,'2025-02-26 12:00:00',1),(31,34,'2025-02-26 12:00:00',0),(31,35,'2025-02-26 12:00:00',0),(31,36,'2025-02-26 12:00:00',0),(31,37,'2025-02-26 12:00:00',0),(31,38,'2025-02-26 12:00:00',0),(31,39,'2025-02-26 12:00:00',1),(31,40,'2025-02-26 12:00:00',0),(31,41,'2025-02-26 12:00:00',0),(31,42,'2025-02-26 12:00:00',0),(31,43,'2025-02-26 12:00:00',0),(31,44,'2025-02-26 12:00:00',1),(31,45,'2025-02-26 12:00:00',1),(31,46,'2025-02-26 12:00:00',0),(31,47,'2025-02-26 12:00:00',0),(31,48,'2025-02-26 12:00:00',0),(31,49,'2025-02-26 12:00:00',0),(31,50,'2025-02-26 12:00:00',1),(31,51,'2025-02-26 12:00:00',0),(31,52,'2025-02-26 12:00:00',0),(31,53,'2025-02-26 12:00:00',0),(31,54,'2025-02-26 12:00:00',0),(31,55,'2025-02-26 12:00:00',0),(31,56,'2025-02-26 12:00:00',0),(31,57,'2025-02-26 12:00:00',0),(31,58,'2025-02-26 12:00:00',1),(31,59,'2025-02-26 12:00:00',0),(31,60,'2025-02-26 12:00:00',0),(31,61,'2025-02-26 12:00:00',0),(31,62,'2025-02-26 12:00:00',0),(31,63,'2025-02-26 12:00:00',0),(31,64,'2025-02-26 12:00:00',0),(31,65,'2025-02-26 12:00:00',1),(31,66,'2025-02-26 12:00:00',0),(31,67,'2025-02-26 12:00:00',0),(31,68,'2025-02-26 12:00:00',0),(31,69,'2025-02-26 12:00:00',0),(31,70,'2025-02-26 12:00:00',0),(31,71,'2025-02-26 12:00:00',0),(31,72,'2025-02-26 12:00:00',0),(31,73,'2025-02-26 12:00:00',0),(31,74,'2025-02-26 12:00:00',0),(31,75,'2025-02-26 12:00:00',0),(31,76,'2025-02-26 12:00:00',1),(31,77,'2025-02-26 12:00:00',0),(31,78,'2025-02-26 12:00:00',0),(31,79,'2025-02-26 12:00:00',0),(31,80,'2025-02-26 12:00:00',0),(31,81,'2025-02-26 12:00:00',0),(31,82,'2025-02-26 12:00:00',0),(31,83,'2025-02-26 12:00:00',0),(31,84,'2025-02-26 12:00:00',0),(31,85,'2025-02-26 12:00:00',0),(31,86,'2025-02-26 12:00:00',0),(31,87,'2025-02-26 12:00:00',1),(31,88,'2025-02-26 12:00:00',0),(31,89,'2025-02-26 12:00:00',0),(31,90,'2025-02-26 12:00:00',1),(31,91,'2025-02-26 12:00:00',0),(31,92,'2025-02-26 12:00:00',1),(31,93,'2025-02-26 12:00:00',0),(32,1,'2025-02-26 13:00:00',0),(32,2,'2025-02-26 13:00:00',0),(32,3,'2025-02-26 13:00:00',0),(32,4,'2025-02-26 13:00:00',0),(32,5,'2025-02-26 13:00:00',0),(32,6,'2025-02-26 13:00:00',0),(32,7,'2025-02-26 13:00:00',0),(32,8,'2025-02-26 13:00:00',0),(32,9,'2025-02-26 13:00:00',0),(32,10,'2025-02-26 13:00:00',1),(32,11,'2025-02-26 13:00:00',1),(32,12,'2025-02-26 13:00:00',1),(32,13,'2025-02-26 13:00:00',0),(32,14,'2025-02-26 13:00:00',0),(32,15,'2025-02-26 13:00:00',0),(32,16,'2025-02-26 13:00:00',1),(32,17,'2025-02-26 13:00:00',0),(32,18,'2025-02-26 13:00:00',0),(32,19,'2025-02-26 13:00:00',1),(32,20,'2025-02-26 13:00:00',0),(32,21,'2025-02-26 13:00:00',0),(32,22,'2025-02-26 13:00:00',0),(32,23,'2025-02-26 13:00:00',0),(32,24,'2025-02-26 13:00:00',0),(32,25,'2025-02-26 13:00:00',1),(32,26,'2025-02-26 13:00:00',1),(32,27,'2025-02-26 13:00:00',0),(32,28,'2025-02-26 13:00:00',0),(32,29,'2025-02-26 13:00:00',0),(32,30,'2025-02-26 13:00:00',0),(32,31,'2025-02-26 13:00:00',0),(32,32,'2025-02-26 13:00:00',0),(32,33,'2025-02-26 13:00:00',0),(32,34,'2025-02-26 13:00:00',0),(32,35,'2025-02-26 13:00:00',0),(32,36,'2025-02-26 13:00:00',1),(32,37,'2025-02-26 13:00:00',0),(32,38,'2025-02-26 13:00:00',0),(32,39,'2025-02-26 13:00:00',0),(32,40,'2025-02-26 13:00:00',1),(32,41,'2025-02-26 13:00:00',0),(32,42,'2025-02-26 13:00:00',0),(32,43,'2025-02-26 13:00:00',0),(32,44,'2025-02-26 13:00:00',0),(32,45,'2025-02-26 13:00:00',0),(32,46,'2025-02-26 13:00:00',0),(32,47,'2025-02-26 13:00:00',1),(32,48,'2025-02-26 13:00:00',0),(32,49,'2025-02-26 13:00:00',1),(32,50,'2025-02-26 13:00:00',0),(32,51,'2025-02-26 13:00:00',0),(32,52,'2025-02-26 13:00:00',0),(32,53,'2025-02-26 13:00:00',1),(32,54,'2025-02-26 13:00:00',1),(32,55,'2025-02-26 13:00:00',0),(32,56,'2025-02-26 13:00:00',1),(32,57,'2025-02-26 13:00:00',1),(32,58,'2025-02-26 13:00:00',0),(32,59,'2025-02-26 13:00:00',1),(32,60,'2025-02-26 13:00:00',0),(32,61,'2025-02-26 13:00:00',0),(32,62,'2025-02-26 13:00:00',0),(32,63,'2025-02-26 13:00:00',0),(32,64,'2025-02-26 13:00:00',1),(32,65,'2025-02-26 13:00:00',0),(32,66,'2025-02-26 13:00:00',1),(32,67,'2025-02-26 13:00:00',0),(32,68,'2025-02-26 13:00:00',1),(32,69,'2025-02-26 13:00:00',0),(32,70,'2025-02-26 13:00:00',0),(32,71,'2025-02-26 13:00:00',0),(32,72,'2025-02-26 13:00:00',1),(32,73,'2025-02-26 13:00:00',0),(32,74,'2025-02-26 13:00:00',0),(32,75,'2025-02-26 13:00:00',0),(32,76,'2025-02-26 13:00:00',0),(32,77,'2025-02-26 13:00:00',0),(32,78,'2025-02-26 13:00:00',1),(32,79,'2025-02-26 13:00:00',1),(32,80,'2025-02-26 13:00:00',0),(32,81,'2025-02-26 13:00:00',1),(32,82,'2025-02-26 13:00:00',0),(32,83,'2025-02-26 13:00:00',0),(32,84,'2025-02-26 13:00:00',0),(32,85,'2025-02-26 13:00:00',1),(32,86,'2025-02-26 13:00:00',0),(32,87,'2025-02-26 13:00:00',0),(32,88,'2025-02-26 13:00:00',0),(32,89,'2025-02-26 13:00:00',1),(32,90,'2025-02-26 13:00:00',0),(32,91,'2025-02-26 13:00:00',0),(32,92,'2025-02-26 13:00:00',0),(32,93,'2025-02-26 13:00:00',0),(33,1,'2025-02-26 14:00:00',0),(33,2,'2025-02-26 14:00:00',0),(33,3,'2025-02-26 14:00:00',0),(33,4,'2025-02-26 14:00:00',0),(33,5,'2025-02-26 14:00:00',0),(33,6,'2025-02-26 14:00:00',0),(33,7,'2025-02-26 14:00:00',0),(33,8,'2025-02-26 14:00:00',0),(33,9,'2025-02-26 14:00:00',0),(33,10,'2025-02-26 14:00:00',0),(33,11,'2025-02-26 14:00:00',0),(33,12,'2025-02-26 14:00:00',1),(33,13,'2025-02-26 14:00:00',0),(33,14,'2025-02-26 14:00:00',0),(33,15,'2025-02-26 14:00:00',0),(33,16,'2025-02-26 14:00:00',0),(33,17,'2025-02-26 14:00:00',0),(33,18,'2025-02-26 14:00:00',0),(33,19,'2025-02-26 14:00:00',1),(33,20,'2025-02-26 14:00:00',1),(33,21,'2025-02-26 14:00:00',0),(33,22,'2025-02-26 14:00:00',1),(33,23,'2025-02-26 14:00:00',1),(33,24,'2025-02-26 14:00:00',0),(33,25,'2025-02-26 14:00:00',0),(33,26,'2025-02-26 14:00:00',1),(33,27,'2025-02-26 14:00:00',0),(33,28,'2025-02-26 14:00:00',0),(33,29,'2025-02-26 14:00:00',0),(33,30,'2025-02-26 14:00:00',0),(33,31,'2025-02-26 14:00:00',0),(33,32,'2025-02-26 14:00:00',0),(33,33,'2025-02-26 14:00:00',0),(33,34,'2025-02-26 14:00:00',0),(33,35,'2025-02-26 14:00:00',0),(33,36,'2025-02-26 14:00:00',1),(33,37,'2025-02-26 14:00:00',1),(33,38,'2025-02-26 14:00:00',0),(33,39,'2025-02-26 14:00:00',0),(33,40,'2025-02-26 14:00:00',0),(33,41,'2025-02-26 14:00:00',1),(33,42,'2025-02-26 14:00:00',0),(33,43,'2025-02-26 14:00:00',1),(33,44,'2025-02-26 14:00:00',1),(33,45,'2025-02-26 14:00:00',0),(33,46,'2025-02-26 14:00:00',0),(33,47,'2025-02-26 14:00:00',0),(33,48,'2025-02-26 14:00:00',0),(33,49,'2025-02-26 14:00:00',0),(33,50,'2025-02-26 14:00:00',0),(33,51,'2025-02-26 14:00:00',0),(33,52,'2025-02-26 14:00:00',1),(33,53,'2025-02-26 14:00:00',0),(33,54,'2025-02-26 14:00:00',0),(33,55,'2025-02-26 14:00:00',0),(33,56,'2025-02-26 14:00:00',0),(33,57,'2025-02-26 14:00:00',0),(33,58,'2025-02-26 14:00:00',1),(33,59,'2025-02-26 14:00:00',0),(33,60,'2025-02-26 14:00:00',1),(33,61,'2025-02-26 14:00:00',0),(33,62,'2025-02-26 14:00:00',0),(33,63,'2025-02-26 14:00:00',1),(33,64,'2025-02-26 14:00:00',0),(33,65,'2025-02-26 14:00:00',0),(33,66,'2025-02-26 14:00:00',1),(33,67,'2025-02-26 14:00:00',0),(33,68,'2025-02-26 14:00:00',0),(33,69,'2025-02-26 14:00:00',1),(33,70,'2025-02-26 14:00:00',0),(33,71,'2025-02-26 14:00:00',0),(33,72,'2025-02-26 14:00:00',1),(33,73,'2025-02-26 14:00:00',1),(33,74,'2025-02-26 14:00:00',1),(33,75,'2025-02-26 14:00:00',0),(33,76,'2025-02-26 14:00:00',1),(33,77,'2025-02-26 14:00:00',0),(33,78,'2025-02-26 14:00:00',0),(33,79,'2025-02-26 14:00:00',0),(33,80,'2025-02-26 14:00:00',1),(33,81,'2025-02-26 14:00:00',0),(33,82,'2025-02-26 14:00:00',0),(33,83,'2025-02-26 14:00:00',1),(33,84,'2025-02-26 14:00:00',0),(33,85,'2025-02-26 14:00:00',1),(33,86,'2025-02-26 14:00:00',0),(33,87,'2025-02-26 14:00:00',0),(33,88,'2025-02-26 14:00:00',0),(33,89,'2025-02-26 14:00:00',0),(33,90,'2025-02-26 14:00:00',0),(33,91,'2025-02-26 14:00:00',0),(33,92,'2025-02-26 14:00:00',0),(33,93,'2025-02-26 14:00:00',1),(34,1,'2025-02-26 15:00:00',0),(34,2,'2025-02-26 15:00:00',0),(34,3,'2025-02-26 15:00:00',0),(34,4,'2025-02-26 15:00:00',0),(34,5,'2025-02-26 15:00:00',0),(34,6,'2025-02-26 15:00:00',1),(34,7,'2025-02-26 15:00:00',1),(34,8,'2025-02-26 15:00:00',0),(34,9,'2025-02-26 15:00:00',0),(34,10,'2025-02-26 15:00:00',1),(34,11,'2025-02-26 15:00:00',0),(34,12,'2025-02-26 15:00:00',1),(34,13,'2025-02-26 15:00:00',0),(34,14,'2025-02-26 15:00:00',1),(34,15,'2025-02-26 15:00:00',0),(34,16,'2025-02-26 15:00:00',0),(34,17,'2025-02-26 15:00:00',1),(34,18,'2025-02-26 15:00:00',0),(34,19,'2025-02-26 15:00:00',0),(34,20,'2025-02-26 15:00:00',0),(34,21,'2025-02-26 15:00:00',1),(34,22,'2025-02-26 15:00:00',1),(34,23,'2025-02-26 15:00:00',0),(34,24,'2025-02-26 15:00:00',0),(34,25,'2025-02-26 15:00:00',1),(34,26,'2025-02-26 15:00:00',0),(34,27,'2025-02-26 15:00:00',1),(34,28,'2025-02-26 15:00:00',0),(34,29,'2025-02-26 15:00:00',1),(34,30,'2025-02-26 15:00:00',0),(34,31,'2025-02-26 15:00:00',0),(34,32,'2025-02-26 15:00:00',0),(34,33,'2025-02-26 15:00:00',0),(34,34,'2025-02-26 15:00:00',0),(34,35,'2025-02-26 15:00:00',0),(34,36,'2025-02-26 15:00:00',0),(34,37,'2025-02-26 15:00:00',0),(34,38,'2025-02-26 15:00:00',1),(34,39,'2025-02-26 15:00:00',0),(34,40,'2025-02-26 15:00:00',0),(34,41,'2025-02-26 15:00:00',0),(34,42,'2025-02-26 15:00:00',0),(34,43,'2025-02-26 15:00:00',0),(34,44,'2025-02-26 15:00:00',1),(34,45,'2025-02-26 15:00:00',1),(34,46,'2025-02-26 15:00:00',0),(34,47,'2025-02-26 15:00:00',0),(34,48,'2025-02-26 15:00:00',0),(34,49,'2025-02-26 15:00:00',1),(34,50,'2025-02-26 15:00:00',0),(34,51,'2025-02-26 15:00:00',1),(34,52,'2025-02-26 15:00:00',0),(34,53,'2025-02-26 15:00:00',0),(34,54,'2025-02-26 15:00:00',0),(34,55,'2025-02-26 15:00:00',1),(34,56,'2025-02-26 15:00:00',0),(34,57,'2025-02-26 15:00:00',0),(34,58,'2025-02-26 15:00:00',0),(34,59,'2025-02-26 15:00:00',1),(34,60,'2025-02-26 15:00:00',0),(34,61,'2025-02-26 15:00:00',0),(34,62,'2025-02-26 15:00:00',0),(34,63,'2025-02-26 15:00:00',0),(34,64,'2025-02-26 15:00:00',1),(34,65,'2025-02-26 15:00:00',0),(34,66,'2025-02-26 15:00:00',1),(34,67,'2025-02-26 15:00:00',1),(34,68,'2025-02-26 15:00:00',0),(34,69,'2025-02-26 15:00:00',0),(34,70,'2025-02-26 15:00:00',1),(34,71,'2025-02-26 15:00:00',0),(34,72,'2025-02-26 15:00:00',0),(34,73,'2025-02-26 15:00:00',0),(34,74,'2025-02-26 15:00:00',1),(34,75,'2025-02-26 15:00:00',0),(34,76,'2025-02-26 15:00:00',0),(34,77,'2025-02-26 15:00:00',0),(34,78,'2025-02-26 15:00:00',0),(34,79,'2025-02-26 15:00:00',0),(34,80,'2025-02-26 15:00:00',0),(34,81,'2025-02-26 15:00:00',0),(34,82,'2025-02-26 15:00:00',0),(34,83,'2025-02-26 15:00:00',0),(34,84,'2025-02-26 15:00:00',1),(34,85,'2025-02-26 15:00:00',0),(34,86,'2025-02-26 15:00:00',0),(34,87,'2025-02-26 15:00:00',0),(34,88,'2025-02-26 15:00:00',0),(34,89,'2025-02-26 15:00:00',1),(34,90,'2025-02-26 15:00:00',0),(34,91,'2025-02-26 15:00:00',0),(34,92,'2025-02-26 15:00:00',0),(34,93,'2025-02-26 15:00:00',0),(35,1,'2025-02-26 16:00:00',1),(35,2,'2025-02-26 16:00:00',0),(35,3,'2025-02-26 16:00:00',1),(35,4,'2025-02-26 16:00:00',1),(35,5,'2025-02-26 16:00:00',0),(35,6,'2025-02-26 16:00:00',0),(35,7,'2025-02-26 16:00:00',0),(35,8,'2025-02-26 16:00:00',1),(35,9,'2025-02-26 16:00:00',0),(35,10,'2025-02-26 16:00:00',0),(35,11,'2025-02-26 16:00:00',1),(35,12,'2025-02-26 16:00:00',1),(35,13,'2025-02-26 16:00:00',0),(35,14,'2025-02-26 16:00:00',0),(35,15,'2025-02-26 16:00:00',0),(35,16,'2025-02-26 16:00:00',0),(35,17,'2025-02-26 16:00:00',0),(35,18,'2025-02-26 16:00:00',0),(35,19,'2025-02-26 16:00:00',0),(35,20,'2025-02-26 16:00:00',1),(35,21,'2025-02-26 16:00:00',1),(35,22,'2025-02-26 16:00:00',0),(35,23,'2025-02-26 16:00:00',1),(35,24,'2025-02-26 16:00:00',0),(35,25,'2025-02-26 16:00:00',1),(35,26,'2025-02-26 16:00:00',0),(35,27,'2025-02-26 16:00:00',0),(35,28,'2025-02-26 16:00:00',0),(35,29,'2025-02-26 16:00:00',0),(35,30,'2025-02-26 16:00:00',1),(35,31,'2025-02-26 16:00:00',0),(35,32,'2025-02-26 16:00:00',0),(35,33,'2025-02-26 16:00:00',0),(35,34,'2025-02-26 16:00:00',1),(35,35,'2025-02-26 16:00:00',0),(35,36,'2025-02-26 16:00:00',0),(35,37,'2025-02-26 16:00:00',0),(35,38,'2025-02-26 16:00:00',0),(35,39,'2025-02-26 16:00:00',0),(35,40,'2025-02-26 16:00:00',1),(35,41,'2025-02-26 16:00:00',0),(35,42,'2025-02-26 16:00:00',0),(35,43,'2025-02-26 16:00:00',0),(35,44,'2025-02-26 16:00:00',0),(35,45,'2025-02-26 16:00:00',0),(35,46,'2025-02-26 16:00:00',1),(35,47,'2025-02-26 16:00:00',0),(35,48,'2025-02-26 16:00:00',0),(35,49,'2025-02-26 16:00:00',0),(35,50,'2025-02-26 16:00:00',0),(35,51,'2025-02-26 16:00:00',0),(35,52,'2025-02-26 16:00:00',1),(35,53,'2025-02-26 16:00:00',0),(35,54,'2025-02-26 16:00:00',0),(35,55,'2025-02-26 16:00:00',0),(35,56,'2025-02-26 16:00:00',0),(35,57,'2025-02-26 16:00:00',0),(35,58,'2025-02-26 16:00:00',0),(35,59,'2025-02-26 16:00:00',0),(35,60,'2025-02-26 16:00:00',1),(35,61,'2025-02-26 16:00:00',0),(35,62,'2025-02-26 16:00:00',1),(35,63,'2025-02-26 16:00:00',1),(35,64,'2025-02-26 16:00:00',0),(35,65,'2025-02-26 16:00:00',0),(35,66,'2025-02-26 16:00:00',0),(35,67,'2025-02-26 16:00:00',0),(35,68,'2025-02-26 16:00:00',1),(35,69,'2025-02-26 16:00:00',1),(35,70,'2025-02-26 16:00:00',1),(35,71,'2025-02-26 16:00:00',0),(35,72,'2025-02-26 16:00:00',0),(35,73,'2025-02-26 16:00:00',0),(35,74,'2025-02-26 16:00:00',1),(35,75,'2025-02-26 16:00:00',0),(35,76,'2025-02-26 16:00:00',0),(35,77,'2025-02-26 16:00:00',0),(35,78,'2025-02-26 16:00:00',0),(35,79,'2025-02-26 16:00:00',0),(35,80,'2025-02-26 16:00:00',0),(35,81,'2025-02-26 16:00:00',1),(35,82,'2025-02-26 16:00:00',0),(35,83,'2025-02-26 16:00:00',1),(35,84,'2025-02-26 16:00:00',0),(35,85,'2025-02-26 16:00:00',0),(35,86,'2025-02-26 16:00:00',1),(35,87,'2025-02-26 16:00:00',0),(35,88,'2025-02-26 16:00:00',0),(35,89,'2025-02-26 16:00:00',0),(35,90,'2025-02-26 16:00:00',0),(35,91,'2025-02-26 16:00:00',0),(35,92,'2025-02-26 16:00:00',0),(35,93,'2025-02-26 16:00:00',0);
/*!40000 ALTER TABLE `available_slots` ENABLE KEYS */;
UNLOCK TABLES;

--
-- Table structure for table `doctors`
--

DROP TABLE IF EXISTS `doctors`;
/*!40101 SET @saved_cs_client     = @@character_set_client */;
/*!50503 SET character_set_client = utf8mb4 */;
CREATE TABLE `doctors` (
  `doctor_id` int NOT NULL AUTO_INCREMENT,
  `name` varchar(100) NOT NULL,
  `email` varchar(100) NOT NULL,
  `password` varchar(255) DEFAULT NULL,
  `specialty` varchar(45) NOT NULL,
  `zip_code` char(5) NOT NULL,
  `street` varchar(100) NOT NULL,
  `pwd_accessible` tinyint(1) DEFAULT NULL,
  PRIMARY KEY (`doctor_id`),
  KEY `zip_idx` (`zip_code`),
  CONSTRAINT `zip` FOREIGN KEY (`zip_code`) REFERENCES `address` (`zip_code`)
) ENGINE=InnoDB AUTO_INCREMENT=94 DEFAULT CHARSET=utf8mb3;
/*!40101 SET character_set_client = @saved_cs_client */;

--
-- Dumping data for table `doctors`
--

LOCK TABLES `doctors` WRITE;
/*!40000 ALTER TABLE `doctors` DISABLE KEYS */;
INSERT INTO `doctors` VALUES (1,'Eva Georgakopoulou','eva.georgakopoulou@email.com','pbkdf2:sha512:1000000$UigYYcmS0e9zl9Fc$a166e506800365941ef67dc7aad531464b89113f218b3acccbfd9d94e5a31a4b1983a7dfa5dc8a89a96929b2c6d14cf3a70ed5d4fd2b098ee6d9aa0124af915b','Allergist and Immunologist','54630','Agiou Dimitriou 66',0),(2,'Stelios Zervos','stelios.zervos@email.com','pbkdf2:sha512:1000000$0hW2UIcAi8UNXKXo$5c0f166a7e057b7dcd0b06b740327f075c74f1d1de03d800133922eb994e493fa16c271d0eadbaea80fa0376b54dfda329ad1f5a3a2872c2e4d31a6355d58a33','Allergist and Immunologist','54633','Agiou Nikolaou 10',1),(3,'Ioannis Tsakalidis','ioannis.tsakalidis@email.com','pbkdf2:sha512:1000000$NMtcCqXEgZHj5puE$ee81c365d8d4930ecdcc32617a14d156ea676b2a668bbaeeed8110306b71791f3122887a3a7ae151166e44ebf7f535d5d2693c85e412f663fb6e33797bbb795b','Allergist and Immunologist','54642','Agiou Stylianou 5',1),(4,'Anastasia Tsitsigka','anastasia.tsitsigka@email.com','pbkdf2:sha512:1000000$OVTN5iMF0MGZG66V$5eee1c2fe456b5c6257ab6e40a749908076e0efe8fbd7ad639f7d6c8661216bf686504c622133387dd7ae0c71c96af95de466577be0c9d808c5db88a1dc7f234','Cardiologist','54631','Agnostou Stratiotou 12',1),(5,'Petros Theodorakopoulos','petros.theodorakopoulos@email.com','pbkdf2:sha512:1000000$uCwAs70mSyn2LuBB$e969b52985bc332a543b6e9dcb369258ce055a5edf60a752643c15d4123d0061312d2bd099aab5f14f425af9427c76094027a058b50a68db5b57f39eac728e87','Cardiologist','54643','Botsari Markou 15',1),(6,'Eleni Papalexiou','eleni.papalexiou@email.com','pbkdf2:sha512:1000000$fKGbNJaMWpOnTA3E$1d59cbd92a09d0372ddd9b7339625c1b0c9f8259a7b162355841598dc9ffa99342d69e77692a383fa8541a4bf56d6b031ed04e447f6c947fa819689f5a92e4c5','Cardiologist','54641','Deligianni Kanellou 20',0),(7,'Spyros Karapetsas','spyros.karapetsas@email.com','pbkdf2:sha512:1000000$jrjrosvyJiJEiLHH$666e5bac5412323be50bb6a99cf352c5a11bc44325ea0dd1f3a3674345336ff2fe2eb07c8dfea909bdb8e2c98b1761ee7feea7964430226c95007a972a4b2509','Dermatologist','54631','Egnatias 49',1),(8,'Katerina Tserepa','katerina.tserepa@email.com','pbkdf2:sha512:1000000$8RsY7aVDHvDIrcQV$20ac6af5f5b6e0c90df408e1b43a2268420dc20256b0fd6ccbda400ed0490074f821a9350b1b68cb109e55a697e9c834189f8c4b978076ba86cd8eb5d737c8fa','Dermatologist','54642','Fleming Alexandrou 22',1),(9,'Vassilios Zannis','vassilios.zannis@email.com','pbkdf2:sha512:1000000$VIOPtD6px4XDeljm$08cf7c5407476782b43e92971b9529f2fca2f2d1b9c19b3e175cb4f7e263516987d7a1a5f9e96ef3671843e9798376158df378d5d1c796e7b588045e03495022','Dermatologist','54630','Ionos Dragoumi 32',0),(10,'Irene Karachaliou','irene.karachaliou@email.com','pbkdf2:sha512:1000000$Wp4e3gKmDJdRRC7b$a7ab7e6e190121a55616b502a1969891b9c954c1ad14cb6105a9911e4ad12075e4286bea85e834432ffbaa776b21402dfd0616f9f92b9d43ed03a0fa1d346c99','Endocrinologist','54639','Konstantinoupoleos 5',1),(11,'Giorgos Papakostas','giorgos.papakostas@email.com','pbkdf2:sha512:1000000$urrVIPaqmgDKLtkA$4fa5e63009a0e3cc80a6a713405e1f6d13c0a1a08c926a33f3508acf085f4850887cb2c86978544deccb4705ac8ad7dc858b8251aec2039e3a67e0c0e2e1237a','Endocrinologist','54631','Makedonikis Aminis 2',0),(12,'Theofanis Roussos','theofanis.roussos@email.com','pbkdf2:sha512:1000000$7AXdoBFVLMYq2iNh$0e9c44262f87614c1710709c06f2de703e182fc5a099dd8bbed963900dca4842cbc3a0eb64f01792f9d990e0c3b0983045c59f1c3becdf9cb33d54b495551de3','Endocrinologist','54631','Mitropolitou Gennadiou 8',1),(13,'Marilena Kalaitzidou','marilena.kalaitzidou@email.com','pbkdf2:sha512:1000000$QY2lIOe3Ld7QOhXO$ee97688fcad5b04a0a9262c194d25a400137f5315be1f72077fc4e864a6ec8ab67d174033968f17fc0a634e63dc4b2cc3517881e4c29a19ba584887f293b9c2b','Gastroenterologist','54642','Orestou 14',1),(14,'Kyriaki Lappa','kyriaki.lappas@email.com','pbkdf2:sha512:1000000$dVp7MAwBC7n2ZAot$3ca5488c29fbf677bef725b99c7ff91e24660b4ed88983ec42c30a6c0a8abc0f82fbb8bbbe3347b927cf4bf8f03738caabf7b7ee440744b3fd14f3e8d8f3e7dd','Gastroenterologist','54642','Psaron 3',1),(15,'Aikaterini Vlahou','aikaterini.vlahos@email.com','pbkdf2:sha512:1000000$lkpM28kXJE5alMSe$55f019beb79fbf82f792c280d6c15338f95bbfcef10e3d52157b3e0603da4833072b7cb3cd6ce1ee3b1c7e805027b8ddd6857acfcf5c9b360110ef617f775735','Gastroenterologist','54642','Solonos 6',0),(16,'Markos Papagiannis','markos.papagiannis@email.com','pbkdf2:sha512:1000000$j07QmNiWQbbI2bNF$7953f11fd8cc6d229567f041480989b533b6ec18f3732eacd76487a46a93c9c86443cb1a4d3a060779af337e3506d70ec4f6e72f1622448fc1a0f8fa899b90d5','General PractitionerHematologist','54642','Stratigou Dousmani Viktoros 9',0),(17,'Stefanos Kotsis','stefanos.kotsis@email.com','pbkdf2:sha512:1000000$dugXkxf9vwEA2k8k$8d49eccb88dcff0e3fdaa2bf2a9642b1b90cf9aee1e02a965802ae4c322a75edeca074db35d0bad59cc79d9c58471fec100e3fbdb88fa5bb2153df3e187f7be4','General PractitionerHematologist','54641','Xenofontos 4',1),(18,'Dimitra Voulgaraki','dimitra.voulgaraki@email.com','pbkdf2:sha512:1000000$T1jN0kymxon52PCs$12682b9cde4bf20e02f7b8feae4f7bb04e4e2fc378752b013d1bb6264a904dbb5289dc3830d9029d6d8f4068779ce2e5e7ce0db4bd6cc1d2a5312f454434732c','General PractitionerHematologist','54641','Kolokotroni 24',1),(19,'Nikolas Adamopoulos','nikolas.adamopoulos@email.com','pbkdf2:sha512:1000000$u6AfdHUcjBoiLn0C$e402e10eea6eecf5687063a82d6cc28427284f781a55c8dcd7cc03178acc857a6a42f5ecb63fb80d5ee563311b65a7e609585a59cac4aa119d1490d0d22ef5aa','Hepatologist','54639','Doiranis 11',1),(20,'Anna Lymberopoulou','anna.lymberopoulou@email.com','pbkdf2:sha512:1000000$Wr4evGFNl9HSl7N2$1a1a81b8b546c8d01a8d4e3f0355ad77a7521de21d54a48e03daee15cf0295e80d18b946d2bf6cf68512cf4422b77f621050ff1b50fe6520520526e87f03c480','Hepatologist','54639','Kilkisiou 8',1),(21,'Giorgos Nikolaidis','giorgos.nikolaidis@email.com','pbkdf2:sha512:1000000$zUGqbEkWWXAqO3bD$e01e51eac4e8187d95c64fb0a76abc0ebeedb422be2e36a8ec7e7d17bb4c829e795f5acf4cd846bcdda093ca8231e26504d27144d1de10825bff9f5631b110e2','Hepatologist','54639','Litochorou 3',0),(22,'Nikoleta Mavridou','nikoleta.mavridou@email.com','pbkdf2:sha512:1000000$5VeydzxiGywgLso6$04b4dfc14fa0ebec2836b12826389f23c4488f6e53a3d53634bf262464df2e9f6b6b5d3b290f15cedb95fe566b4e6ec23af4c3bd6ad74bb70e1c37498671b501','Infectious Disease','54640','Sarantaporou 15',1),(23,'Thanasis Kriaras','thanasis.kriaras@email.com','pbkdf2:sha512:1000000$KscKOtSPCgs6iUGM$97c64da2c37cf6678ac37e36369474b882a2fdf096ff416c8a68d9cfd24a745132b858ab3d4e6858395a362ae7ee81da8233258c2eb21f2ce96d791de8fac38d','Infectious Disease','54642','Miaouli 10',1),(24,'Haris Tsalouchidis','haris.tsalouchidis@email.com','pbkdf2:sha512:1000000$lrPaWfYbopL8pbFs$15cffced9c10e988342affb210dac0f168c9cd1f2a5a18457ea1720389cfbe3bd53a5cbff20f4bccc8ebfc8a14fc875fe8a375293f6b633ef1ffdaf51c2fb9a2','Infectious Disease','54642','Orestou 25',0),(25,'Katerina Christodoulidou','katerina.christodoulidou@email.com','pbkdf2:sha512:1000000$1teyMhG78uXrWHlo$92b8baa9c03401dea140aaf54fce3052dcccff125ec017c3415b4f2596441824c139a2dcec9e9e5960805ba6e0da052e10d5b0487ee689f815dc8ff4b6c79e66','Internist','54644','Tompazi 10',0),(26,'Alexandros Prassas','alexandros.prassas@email.com','pbkdf2:sha512:1000000$pv94ydS1wrX8uNJX$792b6bf43db2fbe4de83de95b9c145f8f5b4b4633e0cb8565da271039c8e2b7236107a9922cc2d28813c37de0105d12f511bff516dbc67d02958b30ab538dce9','Internist','54249','Nemeas 16',1),(27,'Fotini Anastasopoulou','fotini.anastasopoulou@email.com','pbkdf2:sha512:1000000$nKGm8d89oMYTm9Wz$919bbb480a2ba673fe185458bd1b1abc01f08e07108eebb821c47db239c9348294e6d8ef06e73978f60edc45d9d95fd669f7a19f9f54f1c7e7a16cd2bc3c9cad','Internist','56123','Zarifi 5',1),(28,'Marios Economidis','marios.economidis@email.com','pbkdf2:sha512:1000000$uB7cHdYF8Wm09y8X$c2c7aec778bc824be4c4e931719ce0aac9a8f9b50ab9ef9074e7f61c0aff6fafd86c8f0ecef3f8c4e04be2ab5e363353693b58bc6b26e5c75a32ed2e519a3fab','Nephrologist','54453','Kromnis 9',1),(29,'Rania Soulioti','rania.soulioti@email.com','pbkdf2:sha512:1000000$YSxPbL5ed4fOUMKQ$084aa44b336ac32da6f9313ad578222b16bc41ae993af2a442e25295c763a621395855ab057a574f467d949069fcf006978369f8952c3663898716f3400e0d11','Nephrologist','54453','Ikoniou 9',1),(30,'Spyridon Kleanthis','spyridon.kleanthis@email.com','pbkdf2:sha512:1000000$0DCmGNI6mW41gGh1$e095987b2c6a12f4fd0c7b4b3b9fbc0bbf5fa278ce112fd486834e6a99223b9df8172cba25939902a05be192ed4d14e61ac9b6e1a88ef854c33fae333d5b04b2','Nephrologist','54454','Viziis 32',0),(31,'Anastasia Manousaki','anastasia.manousaki@email.com','pbkdf2:sha512:1000000$c0xpj6PxFTZtZk8P$a8d4e4ff619521355e293765920e1c221fb534c43a780b3cac770f4ba79dfa5dfaeffa143c8e79826b6587a4d5f5289a5b821033380250c7481cde3074441a61','Neurologist','54454','Derkon 25',1),(32,'Pavlos Loutrakiotis','pavlos.loutrakiotis@email.com','pbkdf2:sha512:1000000$e9faiA2nkSw7j561$b3f2fc8f4fdeed2ab4148e1b78b77aafa44bfac6b545673801be99c4323732af733bfd1ea83629e71f98661e1e8b11d323e23739468655bff5ca5fd87e7e8b47','Neurologist','54352','Pafsania 25',1),(33,'Vasiliki Dandoulaki','vasiliki.dandoulaki@email.com','pbkdf2:sha512:1000000$4SoWZUrLsJhvEAJY$8b8aaaef51d7d00b4134d401ab12537352828421103ac387691145c23869962dff46a19caf9fdc91b7133717cdb71091ab61a6a88c135a48df0b547a48628ccb','Neurologist','54352','Semelis 24',0),(34,'Michalis Papazoglou','michalis.papazoglou@email.com','pbkdf2:sha512:1000000$TF1WvsnRUPXItPov$acedfb3fc5f2ecdfacd3fe2843bfd120e1eac33de7e141cfc1f1ce5aabe02ca31bc2167541b447610ff3fb63ce7456af1618008aac2262423059240b1d2823b9','Obstetrician','54629','Vakchou 5',1),(35,'Irene Georgiou','irene.georgiou@email.com','pbkdf2:sha512:1000000$4FEsPzDy527phcx2$a74f613ac0ab688b70275a0db39275c1e7fb66a23abff60468fc5f286cdd7e15cd0f6437c9488bd1263c7076049dae9196bfa0bcbbb82ebd231aa5bc2de86a18','Obstetrician','54627','Sapfous 19',1),(36,'Dionysios Kyriakidis','dionysios.kyriakidis@email.com','pbkdf2:sha512:1000000$HMjVTyjRDWXX0SCo$99f2d0c63a62ca180cf3e8ad50e98430571949d8185f011dc0c1b19917db9cf312e07fbe1ac0472ed70d6ee3c9fb9f1101b8f017753f35892f91b09150a3e6d7','Obstetrician','54629','Sekeri 7',0),(37,'Stella Papalexiou','stella.papalexiou@email.com','pbkdf2:sha512:1000000$FED5vhyyIB2yw8x8$5738ac43f8029f228afb9d55babf8ae3e1bdd9492ca914bf6f172ede48babe263608acb1d07b4ce053df3fe780440ea65378b017a24f661d166e928eff1ab12e','Gynecologist','56728','Rousvelt 21',1),(38,'Alexandros Koutoupis','alexandros.koutoupis@email.com','pbkdf2:sha512:1000000$Z4OBIHsKNhF8b3so$0be7770916cdd96624899112bfc38d98c384ed46e0690504cc2e07e0d28c82ec43ddd10fc76762434dc50019b03b602cd4fb2fda68b4cfafd94cb066306b4968','Gynecologist','56728','Rousvelt 78',1),(39,'Antigoni Meligkou','antigoni.meligkou@email.com','pbkdf2:sha512:1000000$SQsB02lltTgK7L7u$0af7008ac7b6bbfdab4fb067f81d49560782c2737b23b556ae7e89a7b6a9ba3847b62e1c795afb5c493557dd29294439920678d75b3420519f0f362b42d58670','Gynecologist','56625','Zaimi 25',0),(40,'Panagiotis Kourkoumelis','panagiotis.kourkoumelis@email.com','pbkdf2:sha512:1000000$TFzC5LFEmYm51CRj$6d585c904bd197621b6bef2f68c39166247b8f6d5ba739894f35bffccbe6675094ffb0a78f959df98ca6b917fb81f689c0b0db522956feba108ea73f064ba3cc','Oncologist','56625','Klisthenous 17',1),(41,'Zoe Christodoulidou','zoe.christodoulidou@email.com','pbkdf2:sha512:1000000$6qPBhiml9cBmtp33$7b482a66d5cdf83365580994c0375182e0bede2666b0ffb423858c9a7ca86127a470312d5089d9becc6c0b62336352203a653f365239b642578ae118be31b6bb','Oncologist','56625','Filippou 18',0),(42,'Giannis Nassiopoulos','giannis.nassiopoulos@email.com','pbkdf2:sha512:1000000$jpj5q9myWImFBrc0$d817fc461f59a5c08fe28450090afd2d3021a0684d4c43e65642b645256c65510b2f1f090694ce3aa9aa043eae01e33fe22bdddc61791d55b9769e2bb56efc49','Oncologist','54634','Pelopida 16',1),(43,'Marianna Papalexopoulou','marianna.papalexopoulou@email.com','pbkdf2:sha512:1000000$iE4nTFdhryUSN8hk$c2317cd6da81789895e7c6c4f5202110e4dd533e8a8480e067000bc80d52e32cfd17bcc5c75f4e0bade7304d0b49cab6dd0372970eba4384e5283fb35c3071ff','Ophthalmologist','54634','Kassandrou 90',0),(44,'Markella Papanikolaou','markella.papanikolaou@email.com','pbkdf2:sha512:1000000$2yHPSa0mvBAP6Dql$af7bfb8431bd64eb81e15f0ac2535ef2e441bf33e1ef236973fc93ca4c1a89d06c0c655080ae5ce7ce20f6562e2dc33ab717a8d31a0c9cabfc9211be373fbafb','Ophthalmologist','54633','Pelopos 5',1),(45,'Andreas Drougou','andreas.drougou@email.com','pbkdf2:sha512:1000000$MpadK2CSzvf8Z0M2$089df9805b98415308885982c0e56b5516c9c2ef72f303ceca01ec8eaea43cac00558c71e9d5e8bacfd0da0a553879e3e8c46b46eee8030e2a5c2908df0dd437','Ophthalmologist','55131','Moschonision 73',1),(46,'Kyriaki Kallivokas','kyriaki.kallivokas@email.com','pbkdf2:sha512:1000000$ybBDER2wD6LZTVII$7e84d7056c541f17af0f8de0b4e069dddefa5fad4649a09bfa0bfcb24f73217e6b2647d30726297518f6c2b85cd1f8ac091ed25eb99b0c112fe07fc6047c975d','Optometrist','55131','Moschonision 65',1),(47,'Nikos Markatos','nikos.markatos@email.com','pbkdf2:sha512:1000000$uL1wTGU28KGuWkBs$22002fcba8b92f6f1ee8d9cdaa0c3cb4a3db8713635d7a596b87a3a17121b73955b785313e7cc7d6e014993493b8dbdad4b41551b8c54f105d065be8b076e656','Optometrist','55131','Sagariou 3',0),(48,'Leonidas Stratis','leonidas.stratis@email.com','pbkdf2:sha512:1000000$OvkEDweZp818WS1J$4249c05f603cad70c595561a56d803b54740b62dd5b51f931d772b29e6c4db1e2b1e34b3bff1e0d9f586bdee3749181e5139ea0b613a506bd5f960a48c3be5fc','Optometrist','55131','Sagariou 5',1),(49,'Vasiliki Gavala','vasiliki.gavala@email.com','pbkdf2:sha512:1000000$gyCq4bpx8dTe1bvZ$7d745902ccb3d722fcba06d5bbb6fd29af2ce3be751d33a082bd7edfd0ad6624439ed19c403db137408a2315f959161bd4fa020859692eef1fa7a70079b9acd3','Orthodontist','55131','Taki Ikonomidi 53',0),(50,'Alexandros Nikolaidis','alexandros.nikolaidis@email.com','pbkdf2:sha512:1000000$YIpCJIC1kF7UaNlN$6eb3028f54cd92844b566ea016367283c83f0552f481a3bb3caa8f1aea21c2b1d6d81e2726009f2a746755439d2f4f1e5975ef070205269f275c096379012af4','Orthodontist','55131','Chrisopigis 22',1),(51,'Ioannis Papadopoulos','ioannis.papadopoulos@email.com','pbkdf2:sha512:1000000$doCbm0JECJRAf7XU$b82b1df6c1d448f0ceca9b5da7914894629155220282230ec4e8f089f1a55ca7c84374aa61216ec20cd16f42653922e6f3610870c82f95bc9ed43aa363bd6a8a','Orthodontist','55131','Chrisopigis 7',1),(52,'Anastasia Papageorgiou','anastasia.papageorgiou@email.com','pbkdf2:sha512:1000000$EXY4s96A2puTS9Tj$a98b8d83c8d7e9a149e0bfe661434fb92c2f2950ae9acd7a59eaafda383c34e0be11df67ae30f30846249dbb8b800998238029632aa7b2daddce93faf2ece8a0','Orthopedic Surgeon','55131','Xifilinon 4',0),(53,'Dimitrios Christodoulou','dimitrios.christodoulou@email.com','pbkdf2:sha512:1000000$5Ntcjmj0Dhl35PUZ$26052ae9f34a23ab4dfa82704a5b4f3b0568a9227508a6a94535f9a300b91dc81badbd16fd2ca12aeba85540f275bb3058bc76a7ed77b6b0466bd255628a7a99','Orthopedic Surgeon','55131','Xifilinon 23',1),(54,'Maria Vassilaki','maria.vassilaki@email.com','pbkdf2:sha512:1000000$MnApxBYSqu8eGDOR$4d6d7e0bd4cdd9de7ab1276c196c315b505a16ddec8509b4b53a017c7020cce33b3579e1ea8e6b0753c2e0e4afbeac4cfbfb87494b0a1829b36d62f373b9cd23','Orthopedic Surgeon','55131','Nikopoleos 23',1),(55,'Konstantinos Katsaros','konstantinos.katsaros@email.com','pbkdf2:sha512:1000000$4C618tp1d4XuGt2C$f68ee8f129d08af73b883c66cd7419092bfefc27df6d77b2211726e587b9d24debbeb3d425ffb13655bf4df00ffcf40940dda0ec96a58a5d0c8352b92b494017','Otolaryngologist','55131','Kromnis 6',1),(56,'Eleni Ioannou','eleni.ioannou@email.com','pbkdf2:sha512:1000000$Pi9SFEFf1eDDNt9d$6ba2dd5f50c92d38ebc90694596eeed3e94bee6d41b2104269ca13753965033ae558c184a50b208addf1fd7b58d99286843bc2b8c4918556efa3c1f5d8f1fe98','Otolaryngologist','55131','Trapezountos 59',0),(57,'Nikolaos Koutras','nikolaos.koutras@email.com','pbkdf2:sha512:1000000$nWy2OqIX3ppDxYTW$52461edc8760df2e9396337b126b3f9e6217dff4b981ddcc643bd3bf6dd9a1b4917787b435b601f28e477fb82677652d63261f8ea1db1427f49bccf0daa60ab2','Otolaryngologist','55131','Nikopoleos 43',1),(58,'Sofia Georgiou','sofia.georgiou@email.com','pbkdf2:sha512:1000000$rkzud6fnD8HxGFIU$235ae3fe3b1f1fecaf3d696dcb75e69ce6eb001cd087fbb7ba962a96c0c3c979347713a38ca7da4420cbb039f6c8e9ff9ebbf0ab8b1f2aa33bb78cde7b32badb','Pathologist','55132','Soumela 35',1),(59,'Christos Antoniou','christos.antoniou@email.com','pbkdf2:sha512:1000000$l9b6HkmfEUPzsdzz$e6031a558e288b3826f6761cf69479082aed002d3c4eca6320590434fdc2806ebe317fa3a90ec758ef87e501851d314e29865d7456619299f7b1497a7f7a2848','Pathologist','55132','Vazelonos 19',0),(60,'Vasiliki Louka','vasiliki.louka@email.com','pbkdf2:sha512:1000000$ULYQLLUNMsL2Lmwx$f7fcaaf1a6a9998885cef29c1d25491c31376c0ce0c76094f665d52e7fc4dd8b9675d00fc7f514080f556e857ed1a94910295fe9b6876b559c3ccfd7bb4163e3','Pathologist','55132','Iasonidou 8',1),(61,'Giorgos Nikolaou','giorgos.nikolaou@email.com','pbkdf2:sha512:1000000$OsiDkjYp0iAIubUl$91eda596352cfd519a0632cd842e23bf5c9de3426482931d281ecd05193b59600ebdb8e356696c1dd0dce25118ce7361073709341146a17e0ecffd12960d3498','Pediatrician','55133','Meotidos 14',0),(62,'Katerina Pavlou','katerina.pavlou@email.com','pbkdf2:sha512:1000000$D0DeC6d2drvzjMIL$68550d05062e9c0bb1543715bdc534ae3f8b7494d7b17ad51a569062dff45df9ed7eab583e83fd875a32c756fe8d15f1f8ce0187175b0a9b95f0f05ea6237ce2','Pediatrician','55133','Kyzikou 10',1),(63,'Panagiotis Daskalakis','panagiotis.daskalakis@email.com','pbkdf2:sha512:1000000$CrCZaCEgjfxhpRkh$28118a4c8a7b1823eec657c7da50a36df3964737a712902ec98eac6544b1a51fa4027c13abed69a4f9e91502920f5d75ebc39a3545877067f1d07cd5b592c7ef','Pediatrician','55133','Diogenous 16',1),(64,'Ioanna Zervou','ioanna.zervou@email.com','pbkdf2:sha512:1000000$PY0xXG0ke24b12U9$7d8d211f2416430ad7fedbc7a6c48c4e130e5d524a04eee7e9ff2cfcac510795971ae86379c2b2e138c797ff45688a3e0cc3b456afe16a9830894dddd900a5d2','Physiatrist','55133','Keramopoulou 2',1),(65,'Spyros Xatzistefanoglou','spyros.xatzistefanoglou@email.com','pbkdf2:sha512:1000000$JxRDq0INdS7wwxMn$134508ae66e297ad71442f6f25002470a5fcdc46a3da6db25676bb3a69103d4ff0aa2cbf8b12a99655c7256694219e1121925dca85c57f88931b184974555b87','Physiatrist','55133','Kazaki 31',1),(66,'Evangelia Pappa','evangelia.pappa@email.com','pbkdf2:sha512:1000000$MuC39KHKZ0RKMDEf$00f4d29f9cd02f9e76321a02bcf24fc54ca17d1c6d1cd085269c97ec42537ac5f551eb01570b9f5fec4252e6b9bf419165af282aed78b8b38bc5e969300e9254','Physiatrist','54250','Ikarou 4',0),(67,'Pavlos Markopoulos','pavlos.markopoulos@email.com','pbkdf2:sha512:1000000$aOYXnFymJy1g5HVp$c6d9afb41fde31f6e1f25051a4b3b54628ce9d1da956bd0d28291922c80a0747ec6b15acb4f184d7a709e591fe58b97210d04ced5f2e00990e59e09826a3a929','Plastic Surgeon','54250','Dimocharous 12',0),(68,'Stamatia Iliadou','stamatia.iliadou@email.com','pbkdf2:sha512:1000000$jIktbXGJvBAXWjlz$4671ec90300cb2e3764f6949d616c24935cbed8838cd6426b83f61c7b3df1a2b97730c8548eddc4f9c002454480cf9ac281ec4a17b9c45857ddda2bbb57f680b','Plastic Surgeon','54250','Antoniou Tousa 28',1),(69,'Theodoros Zikos','theodoros.zikos@email.com','pbkdf2:sha512:1000000$JnjEkYrgMdWWhkE9$92cc1fea13408a53309e35a4076f96f5d5ef5f1d8184bac41e7e24999c7eefe3b14c508bae7635d931c431b988a7518236c961c7d19cf01ebe6edfb73c49064a','Plastic Surgeon','54250','Antisthenous 36',1),(70,'Andriana Stamatiou','andriana.stamatiou@email.com','pbkdf2:sha512:1000000$Y3tbHk8QOG2u3f4I$7b92801063a7d8140bb51e1592da40c1c15b2703157ca8a99e319d5280f23a1a48e7898edf919d7ba326c7db5007ba9bf909a1575124e9968410f5105d5c27e1','Psychiatrist','54453','Feakon 12',0),(71,'Aristeidis Katsiotis','aristeidis.katsiotis@email.com','pbkdf2:sha512:1000000$XJJeTCy2vuwucuh6$e33d48f81cc2c9ea8bcc1d30f651594fcb348f52567d2e88b7adb4a515a38e30db5fc498ffd0ab50d861fd6cf9d119811967d61242f9850ef0e072fe6403134f','Psychiatrist','54453','Tinou 10',1),(72,'Dimitra Koutsou','dimitra.koutsou@email.com','pbkdf2:sha512:1000000$8Nw7BZeMHYsova5e$883822516ebe2c7f1b046d0ed8bdeed886ab1222352e810341d2a408a4fbb7d855a1f7a0feb711db06440db05dac3fe3c83000afa220140168cab6ffbeb12774','Psychiatrist','54453','Rodou 10',1),(73,'Alexandros Lamprou','alexandros.lamprou@email.com','pbkdf2:sha512:1000000$sDdkSbs64MFlWpKT$cf67cdb78a707f4cd409909841ae9f930d56d0a51b0c6a026c8d2427980cfd207b3a93f9ca978e7853248c51367bf841b9f350bd17734038df7fc7e60c23775c','Pulmonologist','54454','Dorileou 34',0),(74,'Konstantina Mylonas','konstantina.mylonas@email.com','pbkdf2:sha512:1000000$bqaDlJ3T6CmhEjQk$b60ea5b2034c87d6c39cc8c1137dcdb041e304bc5b337ed0f65763bc0ef6c7951c8da6a16047edc8ba7eb8b56c9e1f38449057257d94ef8f5c1837ae1bff091e','Pulmonologist','54454','Dimitsanas 36',1),(75,'Michail Papageorgiou','michail.papageorgiou@email.com','pbkdf2:sha512:1000000$l9a6zFYnAPi361w2$97e69493bb4d87290b25e401d1adf2a63e554277a8255f197ade2ccc13444bacad5c1826e9ecbd2a31f6e7339f80f52d9dfdb499ec4c296e40fab578c00a06e4','Pulmonologist','54454','Pileas 36',1),(76,'Eirini Chatzipavlou','eirini.chatzipavlou@email.com','pbkdf2:sha512:1000000$FL0XSaplKXCaexfs$ab955496e28056b94963d1b32a097150982c69a4dae014887cafde12eca2f3cf5162889d9e3f597a6a5ea219fddaf0e1f67d17dbe7dd7fd2bcbfa9ca36755f49','Radiologist','54352','Argeou 4',0),(77,'Theodoros Demetriou','theodoros.demetriou@email.com','pbkdf2:sha512:1000000$zfb4kP83ssIkjDq0$22187a9764475896b57d8b631e6f8f28444fec1fdd4045824e11ad7465c8a1c69bcbffd5545ee64fca906e2ef733c964dc364ba361eea8fc770535d5a10fcadb','Radiologist','54352','Kapetan Ntrogra 8',1),(78,'Fotini Drougou','fotini.drougou@email.com','pbkdf2:sha512:1000000$UMr6lVNulH9y2NYc$6c467bf651dcdf1449dff90e0cd2dcf69a3906e713072e2771a98336ad73f795d8dd8ce715bc13287a3b3d74be08d0594389c63a97517f4c2cd6721da404e98d','Radiologist','54352','Mina Vista 24',1),(79,'Antonios Leftheriotis','antonios.leftheriotis@email.com','pbkdf2:sha512:1000000$kV36iKtKkZ1Enyhu$1c759138acd6ad6e05d79fd13fbd97e3b308d0a38904e1cd165d73fb9edeb10b95efdc999397bff958c9d4007b13a5677f205c0fb07871304914e1c5ea65272b','Rheumatologist','54352','Mina Vista 4',0),(80,'Georgia Ioannidou','georgia.ioannidou@email.com','pbkdf2:sha512:1000000$nzzlMseHGi0d9JfO$ecdc1080a202ad3614b2ab9b336db378981a4978a4863b7f1bd11b2af2715fad2cb1bc25a703f6f2629fa936552fdd4a686c333b8a3eb7bdb1a01ea63c0145b7','Rheumatologist','54352','Semelis 13',1),(81,'Panayiotis Theodoridis','panayiotis.theodoridis@email.com','pbkdf2:sha512:1000000$zlgaBkRxNfBprqJb$cd614f8a5d184e784348d5425edccc4a32638aa7eda3a6977a856b10d6c4e4b5ac5ec2e5a68f446d009aa5330e5d03df2961e58f92e6f3a556b89a59ae8ceb59','Rheumatologist','54352','Pafsania 32',1),(82,'Evangelos Papadopoulos','evangelos.papadopoulos@email.com','pbkdf2:sha512:1000000$AEN7IQXBQggqaOFw$e35ab22dd1fedd56dc9468ce7215cd6c5338fa2d32748718c66d9dfa1c702eaa1a5e898582738aab20e4bc51f90c7020899ffedcda50eeca4818418000707369','Sleep Medicine Specialist','54352','Spirou Loui 32',1),(83,'Vasilis Papanikolaou','vasilis.papanikolaou@email.com','pbkdf2:sha512:1000000$lqIfqXzfVdEhCAx2$2b140abc203ea3669822c6b53ac2079818f63c831f381a6de29830c20dfe91cda1d4fb9ebc2c15f597329663634f820f800d3e9aa497e3ae37b58ac2dbcbd3cc','Sleep Medicine Specialist','54352','Spirou Loui 50',1),(84,'Marilena Koutsou','marilena.koutsou@email.com','pbkdf2:sha512:1000000$5xCpHAWxiKLpirG9$01077ba6d7de80571fd7453e08ce29d60ff8979645d855dede03ac54f881ab39ec1978626db46ad89a3a5d5af43da9c14ddc3d60186d664583e1310620da3bfb','Sleep Medicine Specialist','54352','Thermaikou 60',0),(85,'Charalambos Ioannou','charalambos.ioannou@email.com','pbkdf2:sha512:1000000$oqHvlHBAiBXsal2z$8b5797994ef65d9d6d47ea7fac1390d016b36a45fa3c3c96738de6752855310cce3560a0541d2738fd3e3de32269c5305515738097df66de8dfa4cf13646a8d6','Sports Medicine Physician','54352','Glinou 24',1),(86,'Alexandra Anastasopoulou','alexandra.anastasopoulou@email.com','pbkdf2:sha512:1000000$Kb3fHBuQBoDpvTuD$3b58ba2a693a8feb3bca386d5e4ef4a29a59218ec1ed0bef4764ef9e6dbdeba8493a74d73adf5b87d89c78b1a9f0e7946284472595a62f7b382897cf891524d3','Sports Medicine Physician','54352','Dimokritou 12',0),(87,'Giorgos Athanasiou','giorgos.athanasiou@email.com','pbkdf2:sha512:1000000$yjdLvz28wC4woVkb$c02eb10e9c2c2944af720e880f9e50ffbc02d8b1ed52171f7da089652166c463e91c123a556c995df0de249d415f69481b8658d1283a3e22cec6f6f4bba6c173','Sports Medicine Physician','56626','Komninon 18',1),(88,'Maria Kyriakou','maria.kyriakou@email.com','pbkdf2:sha512:1000000$xH4wnCOsuOYX6LMt$60e3f6498623efca85299baed625a1c67bd23cde36e4191651f7ecb1d83a7af6c27929123028f01ec528e1300ba650e14ebace521d269b652d46567ee8c487db','Toxicologist','56626','Chortiati 2',1),(89,'Nikos Pavlidis','nikos.pavlidis@email.com','pbkdf2:sha512:1000000$yZaZxENpAzekR3NT$b597b2307db6b583c8d185efbcb4fd309311d07f759d26c66e4828c84288687f97a95d0226872ee6f5d62ab62487ec7dc6e1a6057e54dca3cf43274ce1065189','Toxicologist','56626','Ellis 4',0),(90,'Sotiros Christodoulou','sotiros.christodoulou@email.com','pbkdf2:sha512:1000000$7hhjJsbRl8NynY4r$93218fd68cdbfa583410a7ea85438e72e37fe6749920d0d98cc8f0fa3af3a430560f92de5b7b5376d58b6e1665b07a3fb7001781ae874086e418cec2eecae527','Toxicologist','56626','Megaron 9',1),(91,'Rania Papoulia','rania.papoulia@email.com','pbkdf2:sha512:1000000$401BZaZWHBTURxUv$9357744ce9380acac164896289534e017141d96c108034b9c8fa8a1733b4da0beda4e12ddca73e3b6d3cbe2656cd0b03e694925c0007c27d86f205557870622b','Urologist','56625','Makri 8',1),(92,'Lambros Kourtis','lambros.kourtis@email.com','pbkdf2:sha512:1000000$y1ax9sG7dkzpUCx6$d9dec04d45562a3dd7c016af8d2266b701b3645afcfe1259a924e1a6f736f72906fe5f0c07bdee8cae10477beffce0bed8b7777f534936a6cdff8fffe9d77e19','Urologist','54632','Piston 7',1),(93,'Melina Sotiriou','melina.sotiriou@email.com','pbkdf2:sha512:1000000$xCIjcJeTrFTCISjR$8c17f25b99ae222f0cd191c7353d9b5fd88545cd0f856d61926250b3c189d613e3fac1cc52707b93a9c142dabcbed21666133061a1b892abf3fae345d83493b9','Urologist','54632','Mporou 5',0);
/*!40000 ALTER TABLE `doctors` ENABLE KEYS */;
UNLOCK TABLES;

--
-- Table structure for table `patients`
--

DROP TABLE IF EXISTS `patients`;
/*!40101 SET @saved_cs_client     = @@character_set_client */;
/*!50503 SET character_set_client = utf8mb4 */;
CREATE TABLE `patients` (
  `patient_id` int NOT NULL AUTO_INCREMENT,
  `name` varchar(100) NOT NULL,
  `email` varchar(100) NOT NULL,
  `password` varchar(255) DEFAULT NULL,
  `zip_code` char(5) NOT NULL,
  `street` varchar(45) NOT NULL,
  `age` int DEFAULT NULL,
  `gender` enum('male','female','other') DEFAULT NULL,
  `medical_record` varchar(50) DEFAULT NULL,
  `family_history` varchar(50) DEFAULT NULL,
  PRIMARY KEY (`patient_id`),
  KEY `zip_idx` (`zip_code`),
  CONSTRAINT `zip_patients` FOREIGN KEY (`zip_code`) REFERENCES `address` (`zip_code`)
) ENGINE=InnoDB AUTO_INCREMENT=26 DEFAULT CHARSET=utf8mb3;
/*!40101 SET character_set_client = @saved_cs_client */;

--
-- Dumping data for table `patients`
--

LOCK TABLES `patients` WRITE;
/*!40000 ALTER TABLE `patients` DISABLE KEYS */;
INSERT INTO `patients` VALUES (1,'Thanasis Kalogirou','thanasis.kalogirou@email.com','pbkdf2:sha512:1000000$cWftVmkryqpjsQb9$02921f243c8cd4ad58a51d10fe8fb1a73e6a5f7327bd9455fd324f4807f619f46f876833f0b1ca9d4251ee6462acb470af501218ca24333d66c55e5ae305f133','54635','Ioulianou 8',71,'male',NULL,'Gastroesophageal Reflux Disease'),(2,'Foteini Kourou','foteini.kourou@email.com','pbkdf2:sha512:1000000$rEte6GlgxzLrH6Kp$ac79ea8eb02f6d04552e1279fa3a886050cd6f2865cf6088ed7e3d0c02e9a3a73205fe7c134318b4bab8a39faf22a2c941a14e0dcaafa6464273784728b8e2b9','56123','Kiprou 9',46,'male',NULL,'Gastroesophageal Reflux Disease'),(3,'Kyriakos Georgiadis','kyriakos.georgiadis@email.com','pbkdf2:sha512:1000000$rW9DFLUianht0A3i$5acd4e61df59d1a2bd9bc5fec0e34be832aeae9a1879fe0d9a0f469c301412ace5c8041b513ae024590b61bc747f016646f1ceb2a5015b94f7769b39e412d244','54641','Karaiskaki 12',78,'male',NULL,'Stroke'),(4,'Marianna Tsiouma','marianna.tsiouma@email.com','pbkdf2:sha512:1000000$0UdkA4Ck8r5FopyE$a2421c637a225b368cfe7ddc8e4e255e0cd118abcc30c08cd5eac7014404ac55475f9c48401ce5a7c5019c129e344b4a430dd9060011871b7affd94ddba7f601','54641','Kiprou 25',65,'male','Chronic Kidney Disease','Alzheimer\'s Disease, Chronic Kidney Disease'),(5,'Dimitrios Konstantinidis','dimitrios.konstantinidis@email.com','pbkdf2:sha512:1000000$vRLfRERSfCnwECpt$57799940d13e1c726d59f84f0cac278e20b57af789c6cf6fec178fd1e9d0c4e64109af45da4aec0c1012900aebfffb2b408fb5cb602926c05fee75d88b8c945b','54642','Orestou 25',69,'male','Gastroesophageal Reflux Disease','Osteoporosis'),(6,'Antonia Koutras','antonia.koutras@email.com','pbkdf2:sha512:1000000$OGfeqa4gW0OcBjL9$9daa2e00e282795545a29d46755ad722fe386c0acfed2d4e429d7d6858338b2789237ba7245eb70ac40dd980d6272786d28627354c7701ec64dee3398e3cad00','54453','Ionias 84',68,'male',NULL,'Stroke, Gastroesophageal Reflux Disease'),(7,'Konstantinos Economou','konstantinos.economou@email.com','pbkdf2:sha512:1000000$celZEiRMEXdOF1fr$02ac72804d05914a2e049937f87c113b6e57ff0976976dbc079e2bfe58ee06e8b3edd15301728989b4f2c68a62040ff2083604222c886fb3527be2e6acdb7ffa','54250','Anteou 8',45,'male','Osteoporosis','Diabetes'),(8,'Aikaterini Lamprou','aikaterini.lamprou@email.com','pbkdf2:sha512:1000000$vXimTdIxVCiyL3zG$cf1c66cef8968290a1817e65c9a371e16579f52a54e16b186d294f3f0fbef833b9af4910ce65beb0bc1ee0b9e15089264f32f9c458b1e5e5b7c9b1550501c327','55133','Kiouptsidou 13',73,'male','Asthma','Osteoporosis'),(9,'Kostantinos Prassas','kostantinos.prassas@email.com','pbkdf2:sha512:1000000$s2W0TEUGOCYXi4qe$422aab36dbfcc1c4846b1bfebc476ddadc2e4b9647551c954fab7807b3077043cdf6fa624a162ae05bf43e3e3b5597c460e568f5884305cc8faa162d5bf9319c','55132','Agiou Stefanou 3',34,'male','Hypertension',NULL),(10,'Maria Aggelopoulou','maria.aggelopoulou@email.com','pbkdf2:sha512:1000000$08Dh1Uyx0af6PD5V$acfd16824c2c9cfff018f07b734cb5066fd34d77ae205683a38bc4e14a488478f9f877a29493651aacfe837189f6f64d026eac4ec334525c408f02fae4249041','54454','Dorileou 58',32,'male',NULL,'Obesity, Hypertension'),(11,'Kostantinos Skoularikis','kostantinos.skoularikis@email.com','pbkdf2:sha512:1000000$qJHI86TOvuoiNqdy$4212f42d6be8cc8d88154d7e7c5b1a207212b5a019043a2e24967b7e95922926bf6311d04772f59560289ee4f84b2f846259ac06a238e6959384fccf2684d1cd','54351','Tideos 2',80,'male',NULL,'Cancer'),(12,'Grigorios Choutas','grigorios.choutas@email.com','pbkdf2:sha512:1000000$jdLN0B5qTfa34s6w$cff87a8d058762d81a7fad291bb67ccdedcf875a843f271e3f5e234026eb3b3e7f32cd50a8706144b1d62e5e2715b223bf98a59cd343148bb57f3d670d84b27f','55337','Serron 13',45,'male',NULL,'Chronic Kidney Disease'),(13,'Dimitrios Poulakis','dimitrios.poulakis@email.com','pbkdf2:sha512:1000000$8pjFpCSFtCBBCVgS$3200f984003c12e8ac6bf1b37e3ac93f38677c4988c4bcbd6fedda6a7e3e84f40fb122f73467a029d6f55712641302a7ec5f3a813a18207368da67be5847e4c8','54638','Simis 16',61,'male',NULL,'Obesity'),(14,'Ioannis Farfaras','ioannis.farfaras@email.com','pbkdf2:sha512:1000000$0MHO8TFhFILUjFQl$872959da57022767cfa221e91a708025532b87936523fbaf114bd0cd47e2396e67b130abe3cec8102df9db9cd3650070c4e3e8a4126b00bbf4b4ab8f824c783b','54639','Litochorou 8',41,'male','Arthritis','Chronic Kidney Disease'),(15,'Ioannis Tranos','ioannis.tranos@email.com','pbkdf2:sha512:1000000$1rEINbfwF1MwY8i2$48e8c24e2adc3b6cb96c5fc59b4f432b62870407c182b4f2872db616ac2785564d2554ceb87d4585bf525cd017162c15d8f607f35323174d8e4ba8c95334d927','54639','Chanion 4',50,'male','Arthritis','Diabetes'),(16,'Nikolas Papadopoulos','nikolas.papadopoulos@email.com','pbkdf2:sha512:1000000$n0AdqoqW2KSlzFqT$4cdd90d5ecc5757ec723e9db3bcc3cacef585f2b0a80a8ec4512ed2cfe78f4ec268d1cac2468e3d4d92bfb3aadd0b477cacbe4981d60f3e1be1bde04fd8550d0','54352','Parmenidou 10',53,'male','Stroke','Cancer'),(17,'Elias Konstantinou','elias.konstantinou@email.com','pbkdf2:sha512:1000000$fW68duqVcmbcAOg5$70904e6b66d77751d7bd11c6d5a18e373c20dd8fd2985a1952803480a12a4d1ac4eb0fec802dd165191cc6e3e81b52984d8b6c7414b2e074b81479f5a64bd3cb','54351','Megakleous 78',64,'male','Gastroesophageal Reflux Disease','Asthma'),(18,'Dimitrios Georgiadis','dimitrios.georgiadis@email.com','pbkdf2:sha512:1000000$nqjRISE0p3gUmoRZ$703f321435d022e94dbbc51ae5645891a5c9db739ba485e556935167736ff2f982628613ad404990a647177179fd34d885c198a4e475c190f4cb5b988e6a7d8f','54351','Lisippou 4',70,'male','Diabetes','Stroke, Heart Disease'),(19,'Christos Alexandrou','christos.alexandrou@email.com','pbkdf2:sha512:1000000$xNgFyB8mDZ07roI2$2ffcf2a307276b36c09ef29c2994f287a2b0fcbc2555e79b8c877217ae4db99471b358757f74177f55b4e1d3a6d466b0d8439ad3e1aef44263303bf4a95482b1','54351','Kalavriton 30',43,'male','Asthma',NULL),(20,'Theodoros Vasilakis','theodoros.vasilakis@email.com','pbkdf2:sha512:1000000$r58nsfmO9EDtySb5$0a20afb2bd46002fa7167a3f4744556f585da65fe6ae1d818155bf445e85ee375a322f4b7cc326fa42e8840f28651661079391b15a39e7c31877a0189cafe780','54634','Igoumenou 20',67,'male','Stroke','Diabetes, Alzheimer\'s Disease'),(21,'Antonis Markou','antonis.markou@email.com','pbkdf2:sha512:1000000$37c1bXb9dvSoCTvE$580f9c0022c972ad122b944c15d6c6ecb6b52c023a776c914a267a794702209d8313d2450b76dd1b0d488d0945d2555e26168bb2f61fa742e4325512d2433023','54633','Argonafton 5',70,'male','Stroke','Diabetes, Cancer'),(22,'Panagiotis Stefanidis','panagiotis.stefanidis@email.com','pbkdf2:sha512:1000000$eOiyYhnzhwp7nose$8387e4a35fe761d26c8e0378e3e92056c437bc907e8d4fa55a3b3c23b1131e80c3546942fae701b472190c851f88462e10effbc6e254e0e189dbab13093f38f9','56728','Kessanis 68',70,'male','Gastroesophageal Reflux Disease','Asthma, Arthritis'),(23,'Ioannis Kiriakou','ioannis.kiriakou@email.com','pbkdf2:sha512:1000000$r8BchNCdjQod9mOA$7241d65f91a1d15b8d3addc88aea05978cbcffcc9aef3cab210f954bdd34b73784fa47b5861a603b84dab4a04d5c66fc5b652917ae461e4ec2600a15363afed5','56224','Alamanas 20',63,'male',NULL,'Osteoporosis'),(24,'Spyros Zafeiris','spyros.zafeiris@email.com','pbkdf2:sha512:1000000$qjVie254IasTOUOa$1500098526457104305dde7e5dc84d42c35663786c1b771e49b1c52cca09e394f860d59c8b4e3eef3b16e835e02c69c3982fd251dc692062b406130f376ffe2f','56224','Akropoleos 8',27,'male',NULL,'Alzheimer\'s Disease'),(25,'Athanasios Demetriou','athanasios.demetriou@email.com','pbkdf2:sha512:1000000$gUzi1tR4AHhqqYwV$72ad2aec5285f37aaac4de42aea06d83817d1b4ca15595cbb8f2010b7006e65fda9784c72a16246137791a18d095088608b1bef06153a47d659ad09f43248eb6','56224','Lasani 4',45,'male','Stroke','Asthma');
/*!40000 ALTER TABLE `patients` ENABLE KEYS */;
UNLOCK TABLES;
/*!40103 SET TIME_ZONE=@OLD_TIME_ZONE */;

/*!40101 SET SQL_MODE=@OLD_SQL_MODE */;
/*!40014 SET FOREIGN_KEY_CHECKS=@OLD_FOREIGN_KEY_CHECKS */;
/*!40014 SET UNIQUE_CHECKS=@OLD_UNIQUE_CHECKS */;
/*!40101 SET CHARACTER_SET_CLIENT=@OLD_CHARACTER_SET_CLIENT */;
/*!40101 SET CHARACTER_SET_RESULTS=@OLD_CHARACTER_SET_RESULTS */;
/*!40101 SET COLLATION_CONNECTION=@OLD_COLLATION_CONNECTION */;
/*!40111 SET SQL_NOTES=@OLD_SQL_NOTES */;

-- login user
DROP USER IF EXISTS 'login_user'@'%';
CREATE USER 'login_user'@'%' IDENTIFIED BY 'login_user_password';
GRANT SELECT ON med_db.patients TO 'login_user'@'%';
GRANT SELECT ON med_db.doctors TO 'login_user'@'%';

-- reg user
DROP USER IF EXISTS 'register_user'@'%';
CREATE USER 'register_user'@'%' IDENTIFIED BY 'register_user_password';
GRANT SELECT, INSERT ON med_db.patients TO 'register_user'@'%';
GRANT SELECT, INSERT ON med_db.doctors TO 'register_user'@'%';
GRANT SELECT, INSERT ON med_db.address TO 'register_user'@'%';

-- appointment_user
DROP USER IF EXISTS 'appointment'@'%';
CREATE USER 'appointment'@'%' IDENTIFIED BY 'appointment_password';
GRANT SELECT ON med_db.address TO 'appointment'@'%';
GRANT SELECT ON med_db.doctors TO 'appointment'@'%';
GRANT SELECT, UPDATE ON med_db.available_slots TO 'appointment'@'%';
GRANT INSERT ON med_db.appointments TO 'appointment'@'%';

-- appointment_history_user
DROP USER IF EXISTS 'appointment_history'@'%';
CREATE USER 'appointment_history'@'%' IDENTIFIED BY 'appointment_history_password';
GRANT SELECT ON med_db.appointments TO 'appointment_history'@'%';
GRANT SELECT ON med_db.doctors TO 'appointment_history'@'%';
GRANT SELECT ON med_db.patients TO 'appointment_history'@'%';
GRANT SELECT ON med_db.available_slots TO 'appointment_history'@'%';

-- patient history user
DROP USER IF EXISTS 'patient_history'@'%';
CREATE USER 'patient_history'@'%' IDENTIFIED BY 'patient_history_password';
GRANT SELECT ON med_db.patients TO 'patient_history'@'%';

-- account
DROP USER IF EXISTS 'account'@'%';
CREATE USER 'account'@'%' IDENTIFIED BY 'account_password';
GRANT SELECT, UPDATE ON med_db.patients TO 'account'@'%';
GRANT SELECT, INSERT ON med_db.address TO 'account'@'%';

-- doc account
DROP USER IF EXISTS 'doc_account'@'%';
CREATE USER 'doc_account'@'%' IDENTIFIED BY 'doc_account_password';
GRANT SELECT, UPDATE ON med_db.doctors TO 'doc_account'@'%';
GRANT SELECT, INSERT ON med_db.address TO 'doc_account'@'%';

-- doc agent user
DROP USER IF EXISTS 'docagent_user'@'%';
CREATE USER 'docagent_user'@'%' IDENTIFIED BY 'docagent_password';
GRANT SELECT, INSERT ON med_db.available_slots TO 'docagent_user'@'%';

-- doc feedback user
DROP USER IF EXISTS 'doc_feedback_user'@'%';
CREATE USER 'doc_feedback_user'@'%' IDENTIFIED BY 'doc_feedback_user_password';
GRANT SELECT, UPDATE ON med_db.appointments TO 'doc_feedback_user'@'%';
GRANT SELECT, UPDATE ON med_db.patients TO 'doc_feedback_user'@'%';
GRANT SELECT ON med_db.available_slots TO 'doc_feedback_user'@'%';

-- Dump completed on 2025-02-18 16:00:40
